,Store,StoreType,Assortment,CompetitionDistance,Promo2,Promo2SinceWeek,Promo2SinceYear,PromoInterval,start_date,Week_Promo,Year_Promo
0,1,c,a,1270,0,0,0,0,0,0,0
1,2,a,a,570,1,13,2010,"Jan,Apr,Jul,Oct",2010-03-29 00:00:00,13,2010
2,3,a,a,14130,1,14,2011,"Jan,Apr,Jul,Oct",2011-04-04 00:00:00,14,2011
3,4,c,c,620,0,0,0,0,0,0,0
4,5,a,a,29910,0,0,0,0,0,0,0
5,6,a,a,310,0,0,0,0,0,0,0
6,7,a,c,24000,0,0,0,0,0,0,0
7,8,a,a,7520,0,0,0,0,0,0,0
8,9,a,c,2030,0,0,0,0,0,0,0
9,10,a,a,3160,0,0,0,0,0,0,0
10,11,a,c,960,1,1,2012,"Jan,Apr,Jul,Oct",2012-01-02 00:00:00,1,2012
11,12,a,c,1070,1,13,2010,"Jan,Apr,Jul,Oct",2010-03-29 00:00:00,13,2010
12,13,d,a,310,1,45,2009,"Feb,May,Aug,Nov",2009-11-09 00:00:00,46,2009
13,14,a,a,1300,1,40,2011,"Jan,Apr,Jul,Oct",2011-10-03 00:00:00,40,2011
14,15,d,c,4110,1,14,2011,"Jan,Apr,Jul,Oct",2011-04-04 00:00:00,14,2011
15,16,a,c,3270,0,0,0,0,0,0,0
16,17,a,a,50,1,26,2010,"Jan,Apr,Jul,Oct",2010-06-28 00:00:00,26,2010
17,18,d,c,13840,1,14,2012,"Jan,Apr,Jul,Oct",2012-04-02 00:00:00,14,2012
18,19,a,c,3240,1,22,2011,"Mar,Jun,Sept,Dec",2011-05-30 00:00:00,22,2011
19,20,d,a,2340,1,40,2014,"Jan,Apr,Jul,Oct",2014-10-06 00:00:00,41,2014
20,21,c,c,550,1,45,2009,"Jan,Apr,Jul,Oct",2009-11-09 00:00:00,46,2009
21,22,a,a,1040,1,22,2012,"Jan,Apr,Jul,Oct",2012-05-28 00:00:00,22,2012
22,23,d,a,4060,0,0,0,0,0,0,0
23,24,a,c,4590,1,40,2011,"Jan,Apr,Jul,Oct",2011-10-03 00:00:00,40,2011
24,25,c,a,430,0,0,0,0,0,0,0
25,26,d,a,2300,0,0,0,0,0,0,0
26,27,a,a,60,1,5,2011,"Jan,Apr,Jul,Oct",2011-01-31 00:00:00,5,2011
27,28,a,a,1200,1,6,2015,"Mar,Jun,Sept,Dec",2015-02-09 00:00:00,7,2015
28,29,d,c,2170,0,0,0,0,0,0,0
29,30,a,a,40,1,10,2014,"Mar,Jun,Sept,Dec",2014-03-10 00:00:00,11,2014
30,31,d,c,9800,0,0,0,0,0,0,0
31,32,a,a,2910,1,45,2009,"Feb,May,Aug,Nov",2009-11-09 00:00:00,46,2009
32,33,a,c,1320,0,0,0,0,0,0,0
33,34,c,a,2240,0,0,0,0,0,0,0
34,35,d,c,7660,1,1,2012,"Jan,Apr,Jul,Oct",2012-01-02 00:00:00,1,2012
35,36,a,c,540,1,40,2014,"Jan,Apr,Jul,Oct",2014-10-06 00:00:00,41,2014
36,37,c,a,4230,0,0,0,0,0,0,0
37,38,d,a,1090,0,0,0,0,0,0,0
38,39,a,a,260,1,31,2013,"Feb,May,Aug,Nov",2013-08-05 00:00:00,32,2013
39,40,a,a,180,1,45,2009,"Feb,May,Aug,Nov",2009-11-09 00:00:00,46,2009
40,41,d,c,1180,1,31,2013,"Jan,Apr,Jul,Oct",2013-08-05 00:00:00,32,2013
41,42,a,c,290,1,40,2011,"Jan,Apr,Jul,Oct",2011-10-03 00:00:00,40,2011
42,43,d,a,4880,1,37,2009,"Jan,Apr,Jul,Oct",2009-09-14 00:00:00,38,2009
43,44,a,a,540,0,0,0,0,0,0,0
44,45,d,a,9710,0,0,0,0,0,0,0
45,46,c,a,1200,1,14,2011,"Jan,Apr,Jul,Oct",2011-04-04 00:00:00,14,2011
46,47,a,c,270,1,14,2013,"Jan,Apr,Jul,Oct",2013-04-08 00:00:00,15,2013
47,48,a,a,1060,0,0,0,0,0,0,0
48,49,d,c,18010,0,0,0,0,0,0,0
49,50,d,a,6260,0,0,0,0,0,0,0
50,51,a,c,10570,1,9,2011,"Jan,Apr,Jul,Oct",2011-02-28 00:00:00,9,2011
51,52,d,c,450,1,39,2010,"Jan,Apr,Jul,Oct",2010-09-27 00:00:00,39,2010
52,53,a,c,30360,0,0,0,0,0,0,0
53,54,d,c,7170,1,5,2013,"Feb,May,Aug,Nov",2013-02-04 00:00:00,6,2013
54,55,a,a,720,0,0,0,0,0,0,0
55,56,d,c,6620,1,10,2014,"Mar,Jun,Sept,Dec",2014-03-10 00:00:00,11,2014
56,57,d,c,420,0,0,0,0,0,0,0
57,58,a,c,7340,1,27,2012,"Jan,Apr,Jul,Oct",2012-07-02 00:00:00,27,2012
58,59,a,c,2840,1,14,2011,"Jan,Apr,Jul,Oct",2011-04-04 00:00:00,14,2011
59,60,d,c,5540,0,0,0,0,0,0,0
60,61,a,c,350,1,1,2012,"Jan,Apr,Jul,Oct",2012-01-02 00:00:00,1,2012
61,62,a,a,2050,0,0,0,0,0,0,0
62,63,c,c,3700,1,18,2010,"Feb,May,Aug,Nov",2010-05-03 00:00:00,18,2010
63,64,d,c,22560,1,14,2013,"Jan,Apr,Jul,Oct",2013-04-08 00:00:00,15,2013
64,65,a,c,13840,1,1,2012,"Jan,Apr,Jul,Oct",2012-01-02 00:00:00,1,2012
65,66,d,a,7660,1,37,2009,"Jan,Apr,Jul,Oct",2009-09-14 00:00:00,38,2009
66,67,a,c,410,0,0,0,0,0,0,0
67,68,a,c,250,1,35,2012,"Mar,Jun,Sept,Dec",2012-08-27 00:00:00,35,2012
68,69,c,c,1130,1,40,2011,"Jan,Apr,Jul,Oct",2011-10-03 00:00:00,40,2011
69,70,c,c,4840,0,0,0,0,0,0,0
70,71,a,a,17500,1,37,2009,"Mar,Jun,Sept,Dec",2009-09-14 00:00:00,38,2009
71,72,a,a,2200,1,13,2010,"Jan,Apr,Jul,Oct",2010-03-29 00:00:00,13,2010
72,73,a,c,1650,0,0,0,0,0,0,0
73,74,a,a,330,0,0,0,0,0,0,0
74,75,d,c,22440,0,0,0,0,0,0,0
75,76,d,c,19960,0,0,0,0,0,0,0
76,77,d,c,1090,1,10,2014,"Jan,Apr,Jul,Oct",2014-03-10 00:00:00,11,2014
77,78,a,a,3510,1,5,2013,"Feb,May,Aug,Nov",2013-02-04 00:00:00,6,2013
78,79,a,a,3320,0,0,0,0,0,0,0
79,80,d,a,7910,0,0,0,0,0,0,0
80,81,a,a,2370,1,40,2014,"Jan,Apr,Jul,Oct",2014-10-06 00:00:00,41,2014
81,82,a,a,22390,1,37,2009,"Jan,Apr,Jul,Oct",2009-09-14 00:00:00,38,2009
82,83,a,a,2710,0,0,0,0,0,0,0
83,84,a,c,11810,0,0,0,0,0,0,0
84,85,b,a,1870,0,0,0,0,0,0,0
85,86,a,a,480,1,31,2013,"Jan,Apr,Jul,Oct",2013-08-05 00:00:00,32,2013
86,87,a,a,560,0,0,0,0,0,0,0
87,88,a,a,10690,0,0,0,0,0,0,0
88,89,a,a,2380,1,40,2014,"Jan,Apr,Jul,Oct",2014-10-06 00:00:00,41,2014
89,90,a,a,330,0,0,0,0,0,0,0
90,91,c,a,2410,1,35,2011,"Jan,Apr,Jul,Oct",2011-08-29 00:00:00,35,2011
91,92,c,a,240,1,45,2009,"Feb,May,Aug,Nov",2009-11-09 00:00:00,46,2009
92,93,a,a,16690,1,14,2011,"Jan,Apr,Jul,Oct",2011-04-04 00:00:00,14,2011
93,94,d,c,14620,0,0,0,0,0,0,0
94,95,a,a,1890,0,0,0,0,0,0,0
95,96,a,a,8780,1,37,2009,"Jan,Apr,Jul,Oct",2009-09-14 00:00:00,38,2009
96,97,d,c,8980,0,0,0,0,0,0,0
97,98,d,c,15140,1,1,2012,"Jan,Apr,Jul,Oct",2012-01-02 00:00:00,1,2012
98,99,c,c,2030,1,22,2012,"Mar,Jun,Sept,Dec",2012-05-28 00:00:00,22,2012
99,100,d,a,17930,0,0,0,0,0,0,0
100,101,d,c,2440,1,22,2012,"Mar,Jun,Sept,Dec",2012-05-28 00:00:00,22,2012
101,102,a,a,150,1,10,2014,"Mar,Jun,Sept,Dec",2014-03-10 00:00:00,11,2014
102,103,d,c,5210,0,0,0,0,0,0,0
103,104,a,a,390,0,0,0,0,0,0,0
104,105,a,c,6190,1,23,2013,"Mar,Jun,Sept,Dec",2013-06-10 00:00:00,24,2013
105,106,a,a,1390,0,0,0,0,0,0,0
106,107,a,a,1930,0,0,0,0,0,0,0
107,108,d,c,2190,0,0,0,0,0,0,0
108,109,a,c,3300,0,0,0,0,0,0,0
109,110,a,c,46590,0,0,0,0,0,0,0
110,111,d,c,7890,1,37,2009,"Jan,Apr,Jul,Oct",2009-09-14 00:00:00,38,2009
111,112,a,a,1630,0,0,0,0,0,0,0
112,113,d,c,20930,0,0,0,0,0,0,0
113,114,c,a,4510,1,48,2011,"Mar,Jun,Sept,Dec",2011-11-28 00:00:00,48,2011
114,115,d,c,5740,1,40,2014,"Jan,Apr,Jul,Oct",2014-10-06 00:00:00,41,2014
115,116,a,a,680,0,0,0,0,0,0,0
116,117,a,a,3450,0,0,0,0,0,0,0
117,118,d,c,3580,0,0,0,0,0,0,0
118,119,a,c,2100,0,0,0,0,0,0,0
119,120,d,a,2290,1,37,2009,"Jan,Apr,Jul,Oct",2009-09-14 00:00:00,38,2009
120,121,a,a,3570,1,36,2013,"Mar,Jun,Sept,Dec",2013-09-09 00:00:00,37,2013
121,122,a,c,58260,0,0,0,0,0,0,0
122,123,a,a,16760,0,0,0,0,0,0,0
123,124,a,a,1410,0,0,0,0,0,0,0
124,125,a,a,760,0,0,0,0,0,0,0
125,126,d,a,3370,1,18,2011,"Feb,May,Aug,Nov",2011-05-02 00:00:00,18,2011
126,127,d,a,1350,1,13,2010,"Jan,Apr,Jul,Oct",2010-03-29 00:00:00,13,2010
127,128,d,c,2000,1,1,2013,"Jan,Apr,Jul,Oct",2013-01-07 00:00:00,2,2013
128,129,a,a,2460,1,14,2011,"Jan,Apr,Jul,Oct",2011-04-04 00:00:00,14,2011
129,130,c,a,900,1,13,2010,"Jan,Apr,Jul,Oct",2010-03-29 00:00:00,13,2010
130,131,c,a,920,0,0,0,0,0,0,0
131,132,d,c,1040,1,27,2012,"Jan,Apr,Jul,Oct",2012-07-02 00:00:00,27,2012
132,133,a,a,270,1,10,2014,"Mar,Jun,Sept,Dec",2014-03-10 00:00:00,11,2014
133,134,a,a,1200,0,0,0,0,0,0,0
134,135,d,a,5190,1,1,2013,"Jan,Apr,Jul,Oct",2013-01-07 00:00:00,2,2013
135,136,a,c,2200,1,22,2012,"Feb,May,Aug,Nov",2012-05-28 00:00:00,22,2012
136,137,a,a,1730,1,40,2014,"Jan,Apr,Jul,Oct",2014-10-06 00:00:00,41,2014
137,138,a,c,25360,0,0,0,0,0,0,0
138,139,a,a,1700,1,14,2011,"Jan,Apr,Jul,Oct",2011-04-04 00:00:00,14,2011
139,140,a,c,1090,1,1,2013,"Jan,Apr,Jul,Oct",2013-01-07 00:00:00,2,2013
140,141,c,c,1540,1,22,2012,"Mar,Jun,Sept,Dec",2012-05-28 00:00:00,22,2012
141,142,a,a,1090,0,0,0,0,0,0,0
142,143,d,a,2930,0,0,0,0,0,0,0
143,144,a,c,16570,0,0,0,0,0,0,0
144,145,a,a,280,1,45,2009,"Feb,May,Aug,Nov",2009-11-09 00:00:00,46,2009
145,146,d,c,8050,1,48,2012,"Jan,Apr,Jul,Oct",2012-11-26 00:00:00,48,2012
146,147,d,c,8540,0,0,0,0,0,0,0
147,148,a,a,2090,0,0,0,0,0,0,0
148,149,d,a,2610,1,14,2011,"Jan,Apr,Jul,Oct",2011-04-04 00:00:00,14,2011
149,150,c,c,31830,0,0,0,0,0,0,0
150,151,d,c,4360,0,0,0,0,0,0,0
151,152,a,a,1780,0,0,0,0,0,0,0
152,153,a,a,16240,1,18,2011,"Feb,May,Aug,Nov",2011-05-02 00:00:00,18,2011
153,154,d,c,16420,0,0,0,0,0,0,0
154,155,d,a,3050,1,35,2010,"Jan,Apr,Jul,Oct",2010-08-30 00:00:00,35,2010
155,156,a,a,2020,1,14,2011,"Mar,Jun,Sept,Dec",2011-04-04 00:00:00,14,2011
156,157,a,c,2950,0,0,0,0,0,0,0
157,158,d,c,11840,1,31,2009,"Feb,May,Aug,Nov",2009-08-03 00:00:00,32,2009
158,159,d,a,8530,0,0,0,0,0,0,0
159,160,d,c,17110,0,0,0,0,0,0,0
160,161,a,c,2970,0,0,0,0,0,0,0
161,162,d,c,5340,1,13,2010,"Jan,Apr,Jul,Oct",2010-03-29 00:00:00,13,2010
162,163,a,a,1480,0,0,0,0,0,0,0
163,164,a,a,1160,1,13,2010,"Jan,Apr,Jul,Oct",2010-03-29 00:00:00,13,2010
164,165,a,a,3720,1,13,2010,"Jan,Apr,Jul,Oct",2010-03-29 00:00:00,13,2010
165,166,a,c,100,1,31,2013,"Jan,Apr,Jul,Oct",2013-08-05 00:00:00,32,2013
166,167,a,a,140,0,0,0,0,0,0,0
167,168,a,a,12540,0,0,0,0,0,0,0
168,169,d,a,980,1,18,2014,"Feb,May,Aug,Nov",2014-05-05 00:00:00,19,2014
169,170,a,a,1070,1,14,2011,"Jan,Apr,Jul,Oct",2011-04-04 00:00:00,14,2011
170,171,a,a,2640,0,0,0,0,0,0,0
171,172,a,a,110,1,40,2014,"Jan,Apr,Jul,Oct",2014-10-06 00:00:00,41,2014
172,173,a,a,350,0,0,0,0,0,0,0
173,174,a,a,13090,1,22,2012,"Jan,Apr,Jul,Oct",2012-05-28 00:00:00,22,2012
174,175,c,a,4130,0,0,0,0,0,0,0
175,176,a,a,3770,0,0,0,0,0,0,0
176,177,a,a,1250,1,5,2013,"Feb,May,Aug,Nov",2013-02-04 00:00:00,6,2013
177,178,d,a,1710,0,0,0,0,0,0,0
178,179,a,c,480,0,0,0,0,0,0,0
179,180,d,a,5800,0,0,0,0,0,0,0
180,181,a,a,12610,1,14,2011,"Jan,Apr,Jul,Oct",2011-04-04 00:00:00,14,2011
181,182,d,c,1390,1,9,2011,"Mar,Jun,Sept,Dec",2011-02-28 00:00:00,9,2011
182,183,a,a,9670,0,0,0,0,0,0,0
183,184,d,c,3560,0,0,0,0,0,0,0
184,185,d,c,1860,0,0,0,0,0,0,0
185,186,a,a,290,1,40,2014,"Jan,Apr,Jul,Oct",2014-10-06 00:00:00,41,2014
186,187,a,c,19360,0,0,0,0,0,0,0
187,188,d,a,850,1,18,2011,"Feb,May,Aug,Nov",2011-05-02 00:00:00,18,2011
188,189,d,a,5760,0,0,0,0,0,0,0
189,190,a,a,1470,1,40,2014,"Jan,Apr,Jul,Oct",2014-10-06 00:00:00,41,2014
190,191,a,a,1100,1,40,2014,"Jan,Apr,Jul,Oct",2014-10-06 00:00:00,41,2014
191,192,d,c,2770,1,40,2014,"Jan,Apr,Jul,Oct",2014-10-06 00:00:00,41,2014
192,193,a,a,520,0,0,0,0,0,0,0
193,194,d,c,16970,1,5,2013,"Feb,May,Aug,Nov",2013-02-04 00:00:00,6,2013
194,195,a,c,220,0,0,0,0,0,0,0
195,196,c,a,3850,1,14,2011,"Jan,Apr,Jul,Oct",2011-04-04 00:00:00,14,2011
196,197,c,a,4210,0,0,0,0,0,0,0
197,198,a,a,290,1,13,2010,"Jan,Apr,Jul,Oct",2010-03-29 00:00:00,13,2010
198,199,d,c,6360,1,14,2012,"Mar,Jun,Sept,Dec",2012-04-02 00:00:00,14,2012
199,200,a,a,1650,0,0,0,0,0,0,0
200,201,d,a,20260,1,18,2014,"Mar,Jun,Sept,Dec",2014-05-05 00:00:00,19,2014
201,202,d,c,5140,0,0,0,0,0,0,0
202,203,c,c,490,0,0,0,0,0,0,0
203,204,a,a,5630,1,40,2014,"Jan,Apr,Jul,Oct",2014-10-06 00:00:00,41,2014
204,205,a,a,110,0,0,0,0,0,0,0
205,206,a,c,380,1,14,2012,"Jan,Apr,Jul,Oct",2012-04-02 00:00:00,14,2012
206,207,a,a,6870,0,0,0,0,0,0,0
207,208,c,a,300,0,0,0,0,0,0,0
208,209,a,c,11680,1,31,2013,"Jan,Apr,Jul,Oct",2013-08-05 00:00:00,32,2013
209,210,d,a,970,1,5,2013,"Feb,May,Aug,Nov",2013-02-04 00:00:00,6,2013
210,211,a,c,350,0,0,0,0,0,0,0
211,212,a,c,15050,0,0,0,0,0,0,0
212,213,d,c,4030,1,1,2014,"Jan,Apr,Jul,Oct",2014-01-06 00:00:00,2,2014
213,214,d,a,8650,1,10,2014,"Jan,Apr,Jul,Oct",2014-03-10 00:00:00,11,2014
214,215,d,a,150,1,45,2009,"Feb,May,Aug,Nov",2009-11-09 00:00:00,46,2009
215,216,c,a,190,1,45,2009,"Feb,May,Aug,Nov",2009-11-09 00:00:00,46,2009
216,217,c,a,3150,0,0,0,0,0,0,0
217,218,a,c,640,1,9,2011,"Mar,Jun,Sept,Dec",2011-02-28 00:00:00,9,2011
218,219,a,a,1640,0,0,0,0,0,0,0
219,220,a,a,1000,0,0,0,0,0,0,0
220,221,d,c,13530,0,0,0,0,0,0,0
221,222,a,a,2170,0,0,0,0,0,0,0
222,223,d,c,2920,1,27,2011,"Jan,Apr,Jul,Oct",2011-07-04 00:00:00,27,2011
223,224,d,c,7930,1,1,2013,"Jan,Apr,Jul,Oct",2013-01-07 00:00:00,2,2013
224,225,d,a,10180,0,0,0,0,0,0,0
225,226,a,a,450,0,0,0,0,0,0,0
226,227,a,a,2370,0,0,0,0,0,0,0
227,228,d,c,10800,1,18,2011,"Feb,May,Aug,Nov",2011-05-02 00:00:00,18,2011
228,229,d,c,17410,1,14,2011,"Jan,Apr,Jul,Oct",2011-04-04 00:00:00,14,2011
229,230,d,c,6680,0,0,0,0,0,0,0
230,231,d,c,3840,1,39,2010,"Feb,May,Aug,Nov",2010-09-27 00:00:00,39,2010
231,232,c,c,13570,1,10,2013,"Mar,Jun,Sept,Dec",2013-03-11 00:00:00,11,2013
232,233,a,a,1890,0,0,0,0,0,0,0
233,234,d,a,4370,0,0,0,0,0,0,0
234,235,a,a,5710,1,37,2009,"Jan,Apr,Jul,Oct",2009-09-14 00:00:00,38,2009
235,236,a,a,1000,0,0,0,0,0,0,0
236,237,a,a,1420,0,0,0,0,0,0,0
237,238,a,a,320,1,45,2009,"Feb,May,Aug,Nov",2009-11-09 00:00:00,46,2009
238,239,d,c,610,0,0,0,0,0,0,0
239,240,a,a,1110,0,0,0,0,0,0,0
240,241,d,c,780,0,0,0,0,0,0,0
241,242,d,a,6880,1,14,2011,"Jan,Apr,Jul,Oct",2011-04-04 00:00:00,14,2011
242,243,a,a,310,1,5,2013,"Feb,May,Aug,Nov",2013-02-04 00:00:00,6,2013
243,244,d,a,710,1,1,2012,"Jan,Apr,Jul,Oct",2012-01-02 00:00:00,1,2012
244,245,a,c,1310,0,0,0,0,0,0,0
245,246,c,a,4660,0,0,0,0,0,0,0
246,247,d,c,70,1,5,2013,"Feb,May,Aug,Nov",2013-02-04 00:00:00,6,2013
247,248,a,c,340,1,40,2012,"Jan,Apr,Jul,Oct",2012-10-01 00:00:00,40,2012
248,249,d,c,18010,0,0,0,0,0,0,0
249,250,d,a,3520,1,18,2012,"Feb,May,Aug,Nov",2012-04-30 00:00:00,18,2012
250,251,a,c,340,0,0,0,0,0,0,0
251,252,d,c,22330,1,5,2010,"Feb,May,Aug,Nov",2010-02-01 00:00:00,5,2010
252,253,a,c,250,1,5,2013,"Feb,May,Aug,Nov",2013-02-04 00:00:00,6,2013
253,254,d,a,330,1,1,2012,"Mar,Jun,Sept,Dec",2012-01-02 00:00:00,1,2012
254,255,c,c,4630,1,35,2011,"Feb,May,Aug,Nov",2011-08-29 00:00:00,35,2011
255,256,a,c,80,1,10,2014,"Mar,Jun,Sept,Dec",2014-03-10 00:00:00,11,2014
256,257,a,a,420,0,0,0,0,0,0,0
257,258,a,a,27190,1,37,2009,"Jan,Apr,Jul,Oct",2009-09-14 00:00:00,38,2009
258,259,b,b,210,0,0,0,0,0,0,0
259,260,a,a,540,0,0,0,0,0,0,0
260,261,d,c,15340,1,39,2009,"Jan,Apr,Jul,Oct",2009-09-28 00:00:00,40,2009
261,262,b,a,1180,0,0,0,0,0,0,0
262,263,a,c,1140,1,40,2014,"Jan,Apr,Jul,Oct",2014-10-06 00:00:00,41,2014
263,264,a,a,180,0,0,0,0,0,0,0
264,265,a,a,4580,1,14,2015,"Jan,Apr,Jul,Oct",2015-04-06 00:00:00,15,2015
265,266,a,c,360,1,9,2011,"Mar,Jun,Sept,Dec",2011-02-28 00:00:00,9,2011
266,267,c,a,2460,0,0,0,0,0,0,0
267,268,a,a,4520,0,0,0,0,0,0,0
268,269,a,c,60,0,0,0,0,0,0,0
269,270,a,a,1450,0,0,0,0,0,0,0
270,271,a,a,420,1,14,2011,"Jan,Apr,Jul,Oct",2011-04-04 00:00:00,14,2011
271,272,a,a,16180,1,14,2011,"Jan,Apr,Jul,Oct",2011-04-04 00:00:00,14,2011
272,273,a,c,8480,0,0,0,0,0,0,0
273,274,b,b,3640,1,10,2013,"Jan,Apr,Jul,Oct",2013-03-11 00:00:00,11,2013
274,275,d,a,300,1,40,2014,"Jan,Apr,Jul,Oct",2014-10-06 00:00:00,41,2014
275,276,a,a,2960,1,36,2013,"Mar,Jun,Sept,Dec",2013-09-09 00:00:00,37,2013
276,277,d,c,7840,1,31,2009,"Feb,May,Aug,Nov",2009-08-03 00:00:00,32,2009
277,278,a,c,9260,0,0,0,0,0,0,0
278,279,d,c,2320,1,40,2012,"Jan,Apr,Jul,Oct",2012-10-01 00:00:00,40,2012
279,280,d,c,18640,1,10,2014,"Mar,Jun,Sept,Dec",2014-03-10 00:00:00,11,2014
280,281,d,c,6970,0,0,0,0,0,0,0
281,282,a,a,1220,0,0,0,0,0,0,0
282,283,a,a,2260,1,40,2014,"Jan,Apr,Jul,Oct",2014-10-06 00:00:00,41,2014
283,284,d,a,1290,1,40,2014,"Jan,Apr,Jul,Oct",2014-10-06 00:00:00,41,2014
284,285,a,a,2410,0,0,0,0,0,0,0
285,286,a,a,1460,0,0,0,0,0,0,0
286,287,c,a,2740,1,40,2014,"Jan,Apr,Jul,Oct",2014-10-06 00:00:00,41,2014
287,288,d,a,800,1,14,2011,"Mar,Jun,Sept,Dec",2011-04-04 00:00:00,14,2011
288,289,d,a,6540,0,0,0,0,0,0,0
289,290,a,a,4150,0,0,0,0,0,0,0
290,291,d,a,5404,0,0,0,0,0,0,0
291,292,a,a,1100,0,0,0,0,0,0,0
292,293,c,c,140,0,0,0,0,0,0,0
293,294,a,a,3150,0,0,0,0,0,0,0
294,295,a,a,210,1,36,2013,"Mar,Jun,Sept,Dec",2013-09-09 00:00:00,37,2013
295,296,a,a,9580,1,45,2014,"Feb,May,Aug,Nov",2014-11-10 00:00:00,46,2014
296,297,a,a,2300,0,0,0,0,0,0,0
297,298,d,a,19840,0,0,0,0,0,0,0
298,299,d,c,38630,0,0,0,0,0,0,0
299,300,a,c,120,1,1,2012,"Jan,Apr,Jul,Oct",2012-01-02 00:00:00,1,2012
300,301,a,c,4510,0,0,0,0,0,0,0
301,302,d,c,2190,1,9,2011,"Mar,Jun,Sept,Dec",2011-02-28 00:00:00,9,2011
302,303,a,a,15430,1,18,2011,"Feb,May,Aug,Nov",2011-05-02 00:00:00,18,2011
303,304,a,a,1950,0,0,0,0,0,0,0
304,305,c,c,2470,1,31,2013,"Mar,Jun,Sept,Dec",2013-08-05 00:00:00,32,2013
305,306,a,a,5100,1,40,2014,"Jan,Apr,Jul,Oct",2014-10-06 00:00:00,41,2014
306,307,a,a,18660,0,0,0,0,0,0,0
307,308,a,a,1070,1,13,2010,"Jan,Apr,Jul,Oct",2010-03-29 00:00:00,13,2010
308,309,d,a,8740,1,37,2009,"Feb,May,Aug,Nov",2009-09-14 00:00:00,38,2009
309,310,a,c,2290,1,10,2014,"Mar,Jun,Sept,Dec",2014-03-10 00:00:00,11,2014
310,311,a,c,680,0,0,0,0,0,0,0
311,312,d,a,11300,0,0,0,0,0,0,0
312,313,d,c,14160,0,0,0,0,0,0,0
313,314,a,a,3560,1,31,2013,"Feb,May,Aug,Nov",2013-08-05 00:00:00,32,2013
314,315,a,c,38710,0,0,0,0,0,0,0
315,316,d,a,9000,0,0,0,0,0,0,0
316,317,d,a,3140,1,14,2011,"Jan,Apr,Jul,Oct",2011-04-04 00:00:00,14,2011
317,318,d,c,32330,0,0,0,0,0,0,0
318,319,a,c,570,1,27,2012,"Mar,Jun,Sept,Dec",2012-07-02 00:00:00,27,2012
319,320,a,c,210,0,0,0,0,0,0,0
320,321,c,c,8140,1,10,2014,"Mar,Jun,Sept,Dec",2014-03-10 00:00:00,11,2014
321,322,a,a,17500,1,37,2009,"Jan,Apr,Jul,Oct",2009-09-14 00:00:00,38,2009
322,323,d,c,8400,1,5,2013,"Feb,May,Aug,Nov",2013-02-04 00:00:00,6,2013
323,324,a,a,13140,1,14,2011,"Jan,Apr,Jul,Oct",2011-04-04 00:00:00,14,2011
324,325,a,c,350,1,22,2011,"Feb,May,Aug,Nov",2011-05-30 00:00:00,22,2011
325,326,d,a,10070,1,31,2013,"Feb,May,Aug,Nov",2013-08-05 00:00:00,32,2013
326,327,c,c,1390,0,0,0,0,0,0,0
327,328,a,a,3130,0,0,0,0,0,0,0
328,329,a,a,1310,1,22,2012,"Mar,Jun,Sept,Dec",2012-05-28 00:00:00,22,2012
329,330,a,c,370,1,22,2012,"Mar,Jun,Sept,Dec",2012-05-28 00:00:00,22,2012
330,331,a,c,670,1,14,2015,"Jan,Apr,Jul,Oct",2015-04-06 00:00:00,15,2015
331,332,a,a,1840,0,0,0,0,0,0,0
332,333,a,c,3720,0,0,0,0,0,0,0
333,334,d,c,4040,1,18,2013,"Mar,Jun,Sept,Dec",2013-05-06 00:00:00,19,2013
334,335,b,a,90,1,31,2013,"Jan,Apr,Jul,Oct",2013-08-05 00:00:00,32,2013
335,336,a,a,190,0,0,0,0,0,0,0
336,337,d,c,10600,1,45,2014,"Feb,May,Aug,Nov",2014-11-10 00:00:00,46,2014
337,338,a,c,1590,1,37,2009,"Jan,Apr,Jul,Oct",2009-09-14 00:00:00,38,2009
338,339,a,c,2280,1,10,2013,"Mar,Jun,Sept,Dec",2013-03-11 00:00:00,11,2013
339,340,a,c,8080,0,0,0,0,0,0,0
340,341,a,a,190,0,0,0,0,0,0,0
341,342,d,c,15770,1,40,2014,"Jan,Apr,Jul,Oct",2014-10-06 00:00:00,41,2014
342,343,d,a,18650,1,14,2014,"Jan,Apr,Jul,Oct",2014-04-07 00:00:00,15,2014
343,344,a,c,300,1,14,2011,"Jan,Apr,Jul,Oct",2011-04-04 00:00:00,14,2011
344,345,a,a,120,1,22,2012,"Jan,Apr,Jul,Oct",2012-05-28 00:00:00,22,2012
345,346,a,c,8090,0,0,0,0,0,0,0
346,347,d,c,9360,1,22,2012,"Mar,Jun,Sept,Dec",2012-05-28 00:00:00,22,2012
347,348,a,a,16490,1,22,2012,"Jan,Apr,Jul,Oct",2012-05-28 00:00:00,22,2012
348,349,c,c,1490,0,0,0,0,0,0,0
349,350,d,a,8880,1,14,2011,"Jan,Apr,Jul,Oct",2011-04-04 00:00:00,14,2011
350,351,a,a,5290,1,5,2013,"Feb,May,Aug,Nov",2013-02-04 00:00:00,6,2013
351,352,d,c,6360,1,40,2012,"Mar,Jun,Sept,Dec",2012-10-01 00:00:00,40,2012
352,353,b,b,900,1,14,2013,"Feb,May,Aug,Nov",2013-04-08 00:00:00,15,2013
353,354,d,c,1500,0,0,0,0,0,0,0
354,355,a,c,9720,0,0,0,0,0,0,0
355,356,d,c,8970,1,22,2012,"Feb,May,Aug,Nov",2012-05-28 00:00:00,22,2012
356,357,a,a,2060,0,0,0,0,0,0,0
357,358,a,a,2890,0,0,0,0,0,0,0
358,359,d,c,4370,0,0,0,0,0,0,0
359,360,a,a,2040,0,0,0,0,0,0,0
360,361,c,c,4490,1,5,2013,"Feb,May,Aug,Nov",2013-02-04 00:00:00,6,2013
361,362,c,c,340,0,0,0,0,0,0,0
362,363,a,a,250,0,0,0,0,0,0,0
363,364,a,c,13620,1,10,2014,"Mar,Jun,Sept,Dec",2014-03-10 00:00:00,11,2014
364,365,c,a,2410,1,45,2009,"Feb,May,Aug,Nov",2009-11-09 00:00:00,46,2009
365,366,d,c,6470,0,0,0,0,0,0,0
366,367,d,c,2640,0,0,0,0,0,0,0
367,368,d,c,1450,1,45,2009,"Feb,May,Aug,Nov",2009-11-09 00:00:00,46,2009
368,369,d,c,5870,0,0,0,0,0,0,0
369,370,d,a,8250,1,31,2009,"Jan,Apr,Jul,Oct",2009-08-03 00:00:00,32,2009
370,371,d,c,1970,1,45,2014,"Feb,May,Aug,Nov",2014-11-10 00:00:00,46,2014
371,372,d,c,4880,1,18,2014,"Jan,Apr,Jul,Oct",2014-05-05 00:00:00,19,2014
372,373,d,c,11120,1,22,2012,"Jan,Apr,Jul,Oct",2012-05-28 00:00:00,22,2012
373,374,a,a,1150,0,0,0,0,0,0,0
374,375,a,c,15710,1,37,2009,"Jan,Apr,Jul,Oct",2009-09-14 00:00:00,38,2009
375,376,a,a,160,0,0,0,0,0,0,0
376,377,a,c,100,1,18,2010,"Feb,May,Aug,Nov",2010-05-03 00:00:00,18,2010
377,378,a,c,2140,0,0,0,0,0,0,0
378,379,d,a,6630,0,0,0,0,0,0,0
379,380,a,a,2240,1,10,2014,"Mar,Jun,Sept,Dec",2014-03-10 00:00:00,11,2014
380,381,a,a,1800,1,5,2013,"Feb,May,Aug,Nov",2013-02-04 00:00:00,6,2013
381,382,c,c,26130,0,0,0,0,0,0,0
382,383,a,c,350,0,0,0,0,0,0,0
383,384,a,c,130,1,14,2011,"Jan,Apr,Jul,Oct",2011-04-04 00:00:00,14,2011
384,385,d,a,4580,0,0,0,0,0,0,0
385,386,d,c,1460,1,31,2013,"Jan,Apr,Jul,Oct",2013-08-05 00:00:00,32,2013
386,387,c,a,210,1,36,2013,"Mar,Jun,Sept,Dec",2013-09-09 00:00:00,37,2013
387,388,a,a,2260,0,0,0,0,0,0,0
388,389,a,c,6690,0,0,0,0,0,0,0
389,390,a,c,1600,0,0,0,0,0,0,0
390,391,a,a,460,1,31,2013,"Feb,May,Aug,Nov",2013-08-05 00:00:00,32,2013
391,392,a,a,2120,0,0,0,0,0,0,0
392,393,d,c,4820,0,0,0,0,0,0,0
393,394,d,a,10850,0,0,0,0,0,0,0
394,395,a,a,3620,0,0,0,0,0,0,0
395,396,a,c,23130,0,0,0,0,0,0,0
396,397,a,c,130,1,27,2013,"Feb,May,Aug,Nov",2013-07-08 00:00:00,28,2013
397,398,c,c,1540,1,1,2012,"Jan,Apr,Jul,Oct",2012-01-02 00:00:00,1,2012
398,399,a,a,5360,1,40,2011,"Jan,Apr,Jul,Oct",2011-10-03 00:00:00,40,2011
399,400,a,a,70,1,14,2011,"Jan,Apr,Jul,Oct",2011-04-04 00:00:00,14,2011
400,401,a,c,9200,1,14,2012,"Jan,Apr,Jul,Oct",2012-04-02 00:00:00,14,2012
401,402,c,c,5830,1,13,2010,"Jan,Apr,Jul,Oct",2010-03-29 00:00:00,13,2010
402,403,a,a,4970,0,0,0,0,0,0,0
403,404,a,c,1420,1,10,2013,"Mar,Jun,Sept,Dec",2013-03-11 00:00:00,11,2013
404,405,a,a,1080,1,14,2011,"Jan,Apr,Jul,Oct",2011-04-04 00:00:00,14,2011
405,406,d,c,8240,1,10,2013,"Feb,May,Aug,Nov",2013-03-11 00:00:00,11,2013
406,407,a,a,5890,1,14,2011,"Feb,May,Aug,Nov",2011-04-04 00:00:00,14,2011
407,408,c,a,1560,1,45,2009,"Feb,May,Aug,Nov",2009-11-09 00:00:00,46,2009
408,409,d,c,840,1,1,2013,"Jan,Apr,Jul,Oct",2013-01-07 00:00:00,2,2013
409,410,c,a,40,1,22,2012,"Mar,Jun,Sept,Dec",2012-05-28 00:00:00,22,2012
410,411,d,c,8460,0,0,0,0,0,0,0
411,412,d,c,4460,1,39,2010,"Jan,Apr,Jul,Oct",2010-09-27 00:00:00,39,2010
412,413,a,c,760,0,0,0,0,0,0,0
413,414,d,c,6210,1,1,2013,"Jan,Apr,Jul,Oct",2013-01-07 00:00:00,2,2013
414,415,d,c,6910,0,0,0,0,0,0,0
415,416,a,c,4650,0,0,0,0,0,0,0
416,417,a,c,840,1,10,2014,"Jan,Apr,Jul,Oct",2014-03-10 00:00:00,11,2014
417,418,a,a,1060,1,27,2011,"Feb,May,Aug,Nov",2011-07-04 00:00:00,27,2011
418,419,c,a,1620,0,0,0,0,0,0,0
419,420,d,c,250,1,27,2012,"Jan,Apr,Jul,Oct",2012-07-02 00:00:00,27,2012
420,421,c,c,3530,1,35,2012,"Mar,Jun,Sept,Dec",2012-08-27 00:00:00,35,2012
421,422,a,c,2880,0,0,0,0,0,0,0
422,423,b,a,1270,0,0,0,0,0,0,0
423,424,d,c,1250,1,40,2011,"Jan,Apr,Jul,Oct",2011-10-03 00:00:00,40,2011
424,425,d,c,1460,0,0,0,0,0,0,0
425,426,a,a,250,0,0,0,0,0,0,0
426,427,a,c,70,1,13,2010,"Jan,Apr,Jul,Oct",2010-03-29 00:00:00,13,2010
427,428,d,a,2960,1,23,2015,"Mar,Jun,Sept,Dec",2015-06-08 00:00:00,24,2015
428,429,d,c,16350,1,31,2013,"Jan,Apr,Jul,Oct",2013-08-05 00:00:00,32,2013
429,430,d,c,12870,0,0,0,0,0,0,0
430,431,d,c,4520,0,0,0,0,0,0,0
431,432,a,a,810,0,0,0,0,0,0,0
432,433,a,c,30030,0,0,0,0,0,0,0
433,434,a,a,13020,1,40,2014,"Jan,Apr,Jul,Oct",2014-10-06 00:00:00,41,2014
434,435,a,a,910,0,0,0,0,0,0,0
435,436,d,a,2300,0,0,0,0,0,0,0
436,437,c,c,430,1,50,2010,"Jan,Apr,Jul,Oct",2010-12-13 00:00:00,50,2010
437,438,d,c,1110,1,40,2012,"Jan,Apr,Jul,Oct",2012-10-01 00:00:00,40,2012
438,439,a,a,1350,0,0,0,0,0,0,0
439,440,d,a,3900,1,45,2009,"Feb,May,Aug,Nov",2009-11-09 00:00:00,46,2009
440,441,d,a,2530,0,0,0,0,0,0,0
441,442,c,a,500,1,45,2009,"Feb,May,Aug,Nov",2009-11-09 00:00:00,46,2009
442,443,d,a,11400,0,0,0,0,0,0,0
443,444,c,a,1700,0,0,0,0,0,0,0
444,445,a,a,240,0,0,0,0,0,0,0
445,446,a,a,340,1,31,2013,"Feb,May,Aug,Nov",2013-08-05 00:00:00,32,2013
446,447,a,c,1510,0,0,0,0,0,0,0
447,448,a,c,3970,0,0,0,0,0,0,0
448,449,a,c,120,1,37,2009,"Jan,Apr,Jul,Oct",2009-09-14 00:00:00,38,2009
449,450,c,a,5780,1,10,2014,"Mar,Jun,Sept,Dec",2014-03-10 00:00:00,11,2014
450,451,a,a,2460,1,13,2010,"Jan,Apr,Jul,Oct",2010-03-29 00:00:00,13,2010
451,452,a,c,1850,1,5,2011,"Feb,May,Aug,Nov",2011-01-31 00:00:00,5,2011
452,453,a,c,75860,0,0,0,0,0,0,0
453,454,a,a,26450,0,0,0,0,0,0,0
454,455,d,c,7660,0,0,0,0,0,0,0
455,456,a,c,140,0,0,0,0,0,0,0
456,457,d,c,13140,1,31,2013,"Jan,Apr,Jul,Oct",2013-08-05 00:00:00,32,2013
457,458,c,a,3390,0,0,0,0,0,0,0
458,459,a,a,250,1,5,2013,"Feb,May,Aug,Nov",2013-02-04 00:00:00,6,2013
459,460,a,a,34050,0,0,0,0,0,0,0
460,461,d,c,1790,1,40,2013,"Jan,Apr,Jul,Oct",2013-10-07 00:00:00,41,2013
461,462,a,a,44320,0,0,0,0,0,0,0
462,463,a,a,4160,0,0,0,0,0,0,0
463,464,c,a,520,0,0,0,0,0,0,0
464,465,d,c,10890,0,0,0,0,0,0,0
465,466,a,c,3110,0,0,0,0,0,0,0
466,467,a,c,20390,0,0,0,0,0,0,0
467,468,c,c,5260,0,0,0,0,0,0,0
468,469,c,c,710,0,0,0,0,0,0,0
469,470,a,c,50,0,0,0,0,0,0,0
470,471,d,a,5300,1,45,2009,"Feb,May,Aug,Nov",2009-11-09 00:00:00,46,2009
471,472,c,c,5030,0,0,0,0,0,0,0
472,473,a,a,50,0,0,0,0,0,0,0
473,474,c,a,14810,1,14,2011,"Mar,Jun,Sept,Dec",2011-04-04 00:00:00,14,2011
474,475,a,a,140,0,0,0,0,0,0,0
475,476,d,a,8300,0,0,0,0,0,0,0
476,477,d,a,770,1,35,2010,"Jan,Apr,Jul,Oct",2010-08-30 00:00:00,35,2010
477,478,d,c,1940,0,0,0,0,0,0,0
478,479,a,a,320,1,9,2011,"Feb,May,Aug,Nov",2011-02-28 00:00:00,9,2011
479,480,a,a,300,0,0,0,0,0,0,0
480,481,c,c,7470,1,44,2012,"Feb,May,Aug,Nov",2012-10-29 00:00:00,44,2012
481,482,c,a,2550,0,0,0,0,0,0,0
482,483,a,c,2310,1,13,2010,"Jan,Apr,Jul,Oct",2010-03-29 00:00:00,13,2010
483,484,a,c,14300,0,0,0,0,0,0,0
484,485,d,c,3270,1,22,2012,"Jan,Apr,Jul,Oct",2012-05-28 00:00:00,22,2012
485,486,a,a,2320,1,31,2013,"Jan,Apr,Jul,Oct",2013-08-05 00:00:00,32,2013
486,487,d,c,2180,1,40,2012,"Jan,Apr,Jul,Oct",2012-10-01 00:00:00,40,2012
487,488,a,c,2890,0,0,0,0,0,0,0
488,489,a,a,14960,1,37,2009,"Jan,Apr,Jul,Oct",2009-09-14 00:00:00,38,2009
489,490,a,a,660,1,40,2014,"Jan,Apr,Jul,Oct",2014-10-06 00:00:00,41,2014
490,491,d,c,4680,1,22,2012,"Mar,Jun,Sept,Dec",2012-05-28 00:00:00,22,2012
491,492,a,a,1740,1,40,2012,"Jan,Apr,Jul,Oct",2012-10-01 00:00:00,40,2012
492,493,d,c,1150,1,14,2011,"Jan,Apr,Jul,Oct",2011-04-04 00:00:00,14,2011
493,494,b,a,1260,0,0,0,0,0,0,0
494,495,d,a,5470,1,37,2009,"Jan,Apr,Jul,Oct",2009-09-14 00:00:00,38,2009
495,496,d,c,2780,0,0,0,0,0,0,0
496,497,a,c,1610,0,0,0,0,0,0,0
497,498,a,a,990,1,40,2014,"Jan,Apr,Jul,Oct",2014-10-06 00:00:00,41,2014
498,499,c,c,450,1,5,2013,"Feb,May,Aug,Nov",2013-02-04 00:00:00,6,2013
499,500,d,c,10690,1,5,2013,"Jan,Apr,Jul,Oct",2013-02-04 00:00:00,6,2013
500,501,a,c,1620,0,0,0,0,0,0,0
501,502,a,a,220,1,37,2009,"Jan,Apr,Jul,Oct",2009-09-14 00:00:00,38,2009
502,503,d,c,13080,1,14,2011,"Jan,Apr,Jul,Oct",2011-04-04 00:00:00,14,2011
503,504,c,c,820,0,0,0,0,0,0,0
504,505,a,a,350,1,5,2013,"Feb,May,Aug,Nov",2013-02-04 00:00:00,6,2013
505,506,a,a,1850,1,18,2011,"Feb,May,Aug,Nov",2011-05-02 00:00:00,18,2011
506,507,a,c,9070,1,37,2009,"Jan,Apr,Jul,Oct",2009-09-14 00:00:00,38,2009
507,508,a,c,1280,1,40,2011,"Jan,Apr,Jul,Oct",2011-10-03 00:00:00,40,2011
508,509,a,a,4740,1,37,2009,"Jan,Apr,Jul,Oct",2009-09-14 00:00:00,38,2009
509,510,a,c,8260,0,0,0,0,0,0,0
510,511,a,a,2060,0,0,0,0,0,0,0
511,512,b,b,590,1,5,2013,"Mar,Jun,Sept,Dec",2013-02-04 00:00:00,6,2013
512,513,a,a,400,0,0,0,0,0,0,0
513,514,c,c,1200,1,27,2012,"Jan,Apr,Jul,Oct",2012-07-02 00:00:00,27,2012
514,515,d,c,11260,1,9,2011,"Feb,May,Aug,Nov",2011-02-28 00:00:00,9,2011
515,516,a,c,20,1,35,2010,"Mar,Jun,Sept,Dec",2010-08-30 00:00:00,35,2010
516,517,a,c,22490,0,0,0,0,0,0,0
517,518,d,c,3330,1,13,2010,"Jan,Apr,Jul,Oct",2010-03-29 00:00:00,13,2010
518,519,c,c,2510,1,1,2012,"Jan,Apr,Jul,Oct",2012-01-02 00:00:00,1,2012
519,520,a,c,6900,1,40,2012,"Mar,Jun,Sept,Dec",2012-10-01 00:00:00,40,2012
520,521,d,a,18610,1,48,2011,"Mar,Jun,Sept,Dec",2011-11-28 00:00:00,48,2011
521,522,d,c,7160,1,9,2011,"Jan,Apr,Jul,Oct",2011-02-28 00:00:00,9,2011
522,523,c,c,50,0,0,0,0,0,0,0
523,524,a,c,40860,0,0,0,0,0,0,0
524,525,d,c,1870,0,0,0,0,0,0,0
525,526,a,a,120,1,48,2011,"Mar,Jun,Sept,Dec",2011-11-28 00:00:00,48,2011
526,527,d,c,5830,0,0,0,0,0,0,0
527,528,a,c,20620,1,37,2009,"Jan,Apr,Jul,Oct",2009-09-14 00:00:00,38,2009
528,529,d,c,12920,0,0,0,0,0,0,0
529,530,a,c,18160,0,0,0,0,0,0,0
530,531,a,c,4030,0,0,0,0,0,0,0
531,532,a,c,1070,0,0,0,0,0,0,0
532,533,a,c,5950,0,0,0,0,0,0,0
533,534,d,a,1200,1,45,2009,"Jan,Apr,Jul,Oct",2009-11-09 00:00:00,46,2009
534,535,a,a,3570,0,0,0,0,0,0,0
535,536,a,c,4700,1,31,2013,"Feb,May,Aug,Nov",2013-08-05 00:00:00,32,2013
536,537,a,a,600,1,1,2012,"Jan,Apr,Jul,Oct",2012-01-02 00:00:00,1,2012
537,538,a,a,990,0,0,0,0,0,0,0
538,539,a,a,770,1,40,2014,"Jan,Apr,Jul,Oct",2014-10-06 00:00:00,41,2014
539,540,d,c,810,1,48,2012,"Jan,Apr,Jul,Oct",2012-11-26 00:00:00,48,2012
540,541,a,c,650,0,0,0,0,0,0,0
541,542,a,a,7280,1,1,2013,"Jan,Apr,Jul,Oct",2013-01-07 00:00:00,2,2013
542,543,c,a,1080,0,0,0,0,0,0,0
543,544,a,a,250,1,13,2010,"Jan,Apr,Jul,Oct",2010-03-29 00:00:00,13,2010
544,545,a,c,5020,1,18,2014,"Feb,May,Aug,Nov",2014-05-05 00:00:00,19,2014
545,546,a,a,580,0,0,0,0,0,0,0
546,547,d,c,8990,1,35,2010,"Mar,Jun,Sept,Dec",2010-08-30 00:00:00,35,2010
547,548,d,c,3760,0,0,0,0,0,0,0
548,549,a,c,2330,0,0,0,0,0,0,0
549,550,d,c,50,0,0,0,0,0,0,0
550,551,a,c,2190,0,0,0,0,0,0,0
551,552,a,a,4260,1,37,2009,"Jan,Apr,Jul,Oct",2009-09-14 00:00:00,38,2009
552,553,c,a,3040,1,13,2010,"Jan,Apr,Jul,Oct",2010-03-29 00:00:00,13,2010
553,554,c,c,1200,0,0,0,0,0,0,0
554,555,d,a,1560,1,10,2013,"Mar,Jun,Sept,Dec",2013-03-11 00:00:00,11,2013
555,556,d,c,1140,0,0,0,0,0,0,0
556,557,a,a,250,0,0,0,0,0,0,0
557,558,a,a,3000,0,0,0,0,0,0,0
558,559,d,a,3910,1,5,2013,"Feb,May,Aug,Nov",2013-02-04 00:00:00,6,2013
559,560,c,c,1910,0,0,0,0,0,0,0
560,561,d,a,14300,0,0,0,0,0,0,0
561,562,b,c,1210,0,0,0,0,0,0,0
562,563,a,a,700,1,10,2014,"Jan,Apr,Jul,Oct",2014-03-10 00:00:00,11,2014
563,564,d,c,6540,1,14,2013,"Jan,Apr,Jul,Oct",2013-04-08 00:00:00,15,2013
564,565,a,c,160,0,0,0,0,0,0,0
565,566,a,a,3620,1,40,2013,"Jan,Apr,Jul,Oct",2013-10-07 00:00:00,41,2013
566,567,c,a,1010,1,18,2011,"Feb,May,Aug,Nov",2011-05-02 00:00:00,18,2011
567,568,d,c,4270,1,1,2013,"Jan,Apr,Jul,Oct",2013-01-07 00:00:00,2,2013
568,569,a,a,1340,0,0,0,0,0,0,0
569,570,a,a,180,0,0,0,0,0,0,0
570,571,d,a,2110,1,40,2014,"Jan,Apr,Jul,Oct",2014-10-06 00:00:00,41,2014
571,572,d,c,9230,1,37,2009,"Jan,Apr,Jul,Oct",2009-09-14 00:00:00,38,2009
572,573,a,a,1190,1,36,2013,"Jan,Apr,Jul,Oct",2013-09-09 00:00:00,37,2013
573,574,d,a,4400,0,0,0,0,0,0,0
574,575,a,a,960,1,13,2010,"Jan,Apr,Jul,Oct",2010-03-29 00:00:00,13,2010
575,576,c,a,50,0,0,0,0,0,0,0
576,577,a,c,2270,1,35,2012,"Mar,Jun,Sept,Dec",2012-08-27 00:00:00,35,2012
577,578,d,a,12700,0,0,0,0,0,0,0
578,579,c,a,20970,0,0,0,0,0,0,0
579,580,a,c,170,0,0,0,0,0,0,0
580,581,a,a,7250,0,0,0,0,0,0,0
581,582,a,a,120,0,0,0,0,0,0,0
582,583,a,a,2640,0,0,0,0,0,0,0
583,584,d,a,1360,1,35,2010,"Mar,Jun,Sept,Dec",2010-08-30 00:00:00,35,2010
584,585,d,c,440,0,0,0,0,0,0,0
585,586,a,c,250,0,0,0,0,0,0,0
586,587,d,c,330,1,14,2011,"Jan,Apr,Jul,Oct",2011-04-04 00:00:00,14,2011
587,588,d,c,15720,0,0,0,0,0,0,0
588,589,a,c,360,1,18,2013,"Feb,May,Aug,Nov",2013-05-06 00:00:00,19,2013
589,590,d,c,4520,1,31,2013,"Jan,Apr,Jul,Oct",2013-08-05 00:00:00,32,2013
590,591,a,c,3340,1,22,2012,"Mar,Jun,Sept,Dec",2012-05-28 00:00:00,22,2012
591,592,a,a,2540,0,0,0,0,0,0,0
592,593,a,c,33060,0,0,0,0,0,0,0
593,594,a,a,1790,0,0,0,0,0,0,0
594,595,c,c,1130,0,0,0,0,0,0,0
595,596,c,a,290,0,0,0,0,0,0,0
596,597,a,a,150,1,1,2012,"Mar,Jun,Sept,Dec",2012-01-02 00:00:00,1,2012
597,598,c,a,550,1,40,2014,"Jan,Apr,Jul,Oct",2014-10-06 00:00:00,41,2014
598,599,d,c,580,0,0,0,0,0,0,0
599,600,d,c,17340,1,9,2011,"Feb,May,Aug,Nov",2011-02-28 00:00:00,9,2011
600,601,d,a,8220,1,14,2011,"Jan,Apr,Jul,Oct",2011-04-04 00:00:00,14,2011
601,602,a,a,2710,1,22,2012,"Mar,Jun,Sept,Dec",2012-05-28 00:00:00,22,2012
602,603,a,a,340,1,13,2010,"Jan,Apr,Jul,Oct",2010-03-29 00:00:00,13,2010
603,604,d,a,10950,0,0,0,0,0,0,0
604,605,d,a,10310,1,37,2009,"Jan,Apr,Jul,Oct",2009-09-14 00:00:00,38,2009
605,606,a,a,2260,0,0,0,0,0,0,0
606,607,a,a,350,1,14,2011,"Jan,Apr,Jul,Oct",2011-04-04 00:00:00,14,2011
607,608,a,c,18370,1,14,2011,"Jan,Apr,Jul,Oct",2011-04-04 00:00:00,14,2011
608,609,a,a,2070,0,0,0,0,0,0,0
609,610,a,a,660,0,0,0,0,0,0,0
610,611,a,a,8080,1,40,2014,"Jan,Apr,Jul,Oct",2014-10-06 00:00:00,41,2014
611,612,d,c,2490,1,31,2009,"Jan,Apr,Jul,Oct",2009-08-03 00:00:00,32,2009
612,613,c,a,250,1,14,2011,"Jan,Apr,Jul,Oct",2011-04-04 00:00:00,14,2011
613,614,a,a,1160,0,0,0,0,0,0,0
614,615,d,a,730,0,0,0,0,0,0,0
615,616,a,c,3040,1,35,2010,"Mar,Jun,Sept,Dec",2010-08-30 00:00:00,35,2010
616,617,a,c,8940,1,9,2011,"Jan,Apr,Jul,Oct",2011-02-28 00:00:00,9,2011
617,618,d,c,9910,0,0,0,0,0,0,0
618,619,a,a,1600,1,45,2009,"Feb,May,Aug,Nov",2009-11-09 00:00:00,46,2009
619,620,d,c,5440,1,40,2014,"Jan,Apr,Jul,Oct",2014-10-06 00:00:00,41,2014
620,621,a,a,30,0,0,0,0,0,0,0
621,622,a,c,5404,0,0,0,0,0,0,0
622,623,a,a,4080,1,13,2010,"Jan,Apr,Jul,Oct",2010-03-29 00:00:00,13,2010
623,624,a,c,6920,0,0,0,0,0,0,0
624,625,a,a,1170,1,22,2012,"Feb,May,Aug,Nov",2012-05-28 00:00:00,22,2012
625,626,c,c,10740,0,0,0,0,0,0,0
626,627,c,c,3970,0,0,0,0,0,0,0
627,628,a,c,2180,0,0,0,0,0,0,0
628,629,d,a,510,1,23,2015,"Mar,Jun,Sept,Dec",2015-06-08 00:00:00,24,2015
629,630,a,a,1690,0,0,0,0,0,0,0
630,631,d,c,2870,1,35,2012,"Mar,Jun,Sept,Dec",2012-08-27 00:00:00,35,2012
631,632,a,a,3350,0,0,0,0,0,0,0
632,633,d,a,11640,1,22,2011,"Jan,Apr,Jul,Oct",2011-05-30 00:00:00,22,2011
633,634,d,a,18610,0,0,0,0,0,0,0
634,635,a,a,27530,0,0,0,0,0,0,0
635,636,c,a,720,1,13,2010,"Jan,Apr,Jul,Oct",2010-03-29 00:00:00,13,2010
636,637,d,c,9790,1,31,2009,"Feb,May,Aug,Nov",2009-08-03 00:00:00,32,2009
637,638,d,a,10170,0,0,0,0,0,0,0
638,639,a,a,7780,0,0,0,0,0,0,0
639,640,d,c,8040,0,0,0,0,0,0,0
640,641,a,c,610,1,36,2013,"Mar,Jun,Sept,Dec",2013-09-09 00:00:00,37,2013
641,642,c,c,530,1,35,2010,"Mar,Jun,Sept,Dec",2010-08-30 00:00:00,35,2010
642,643,a,a,230,1,18,2010,"Feb,May,Aug,Nov",2010-05-03 00:00:00,18,2010
643,644,c,a,4030,1,14,2011,"Jan,Apr,Jul,Oct",2011-04-04 00:00:00,14,2011
644,645,a,a,90,1,45,2009,"Feb,May,Aug,Nov",2009-11-09 00:00:00,46,2009
645,646,a,a,620,0,0,0,0,0,0,0
646,647,a,c,7420,0,0,0,0,0,0,0
647,648,d,a,2130,0,0,0,0,0,0,0
648,649,a,a,14570,0,0,0,0,0,0,0
649,650,a,a,1420,1,40,2014,"Jan,Apr,Jul,Oct",2014-10-06 00:00:00,41,2014
650,651,a,a,200,0,0,0,0,0,0,0
651,652,a,a,20390,0,0,0,0,0,0,0
652,653,d,c,7520,1,45,2009,"Feb,May,Aug,Nov",2009-11-09 00:00:00,46,2009
653,654,c,a,6930,0,0,0,0,0,0,0
654,655,d,c,960,1,5,2013,"Feb,May,Aug,Nov",2013-02-04 00:00:00,6,2013
655,656,d,a,410,1,13,2010,"Jan,Apr,Jul,Oct",2010-03-29 00:00:00,13,2010
656,657,c,c,80,1,10,2014,"Jan,Apr,Jul,Oct",2014-03-10 00:00:00,11,2014
657,658,d,c,520,1,37,2009,"Jan,Apr,Jul,Oct",2009-09-14 00:00:00,38,2009
658,659,d,a,1590,0,0,0,0,0,0,0
659,660,a,a,1200,1,40,2014,"Jan,Apr,Jul,Oct",2014-10-06 00:00:00,41,2014
660,661,d,c,2140,0,0,0,0,0,0,0
661,662,d,a,1070,0,0,0,0,0,0,0
662,663,a,c,7860,0,0,0,0,0,0,0
663,664,d,c,1680,0,0,0,0,0,0,0
664,665,a,a,90,1,14,2011,"Jan,Apr,Jul,Oct",2011-04-04 00:00:00,14,2011
665,666,c,c,2700,1,9,2011,"Mar,Jun,Sept,Dec",2011-02-28 00:00:00,9,2011
666,667,d,c,2870,0,0,0,0,0,0,0
667,668,c,a,1270,0,0,0,0,0,0,0
668,669,d,a,17080,1,31,2013,"Jan,Apr,Jul,Oct",2013-08-05 00:00:00,32,2013
669,670,a,a,2060,1,45,2009,"Feb,May,Aug,Nov",2009-11-09 00:00:00,46,2009
670,671,a,c,2070,1,39,2010,"Jan,Apr,Jul,Oct",2010-09-27 00:00:00,39,2010
671,672,c,a,240,0,0,0,0,0,0,0
672,673,d,c,15170,1,5,2013,"Feb,May,Aug,Nov",2013-02-04 00:00:00,6,2013
673,674,a,a,2640,1,31,2013,"Feb,May,Aug,Nov",2013-08-05 00:00:00,32,2013
674,675,a,a,2100,1,14,2011,"Jan,Apr,Jul,Oct",2011-04-04 00:00:00,14,2011
675,676,b,b,1410,0,0,0,0,0,0,0
676,677,d,a,1740,1,45,2009,"Feb,May,Aug,Nov",2009-11-09 00:00:00,46,2009
677,678,c,a,3250,1,40,2011,"Jan,Apr,Jul,Oct",2011-10-03 00:00:00,40,2011
678,679,a,a,4140,0,0,0,0,0,0,0
679,680,c,a,170,1,35,2012,"Mar,Jun,Sept,Dec",2012-08-27 00:00:00,35,2012
680,681,a,c,620,1,1,2014,"Mar,Jun,Sept,Dec",2014-01-06 00:00:00,2,2014
681,682,b,a,150,0,0,0,0,0,0,0
682,683,a,a,2850,0,0,0,0,0,0,0
683,684,d,c,680,1,22,2012,"Jan,Apr,Jul,Oct",2012-05-28 00:00:00,22,2012
684,685,a,a,650,1,37,2009,"Jan,Apr,Jul,Oct",2009-09-14 00:00:00,38,2009
685,686,a,a,20050,0,0,0,0,0,0,0
686,687,d,c,2770,0,0,0,0,0,0,0
687,688,a,a,18760,1,14,2011,"Jan,Apr,Jul,Oct",2011-04-04 00:00:00,14,2011
688,689,d,a,15040,0,0,0,0,0,0,0
689,690,a,a,100,0,0,0,0,0,0,0
690,691,d,c,3030,1,37,2009,"Jan,Apr,Jul,Oct",2009-09-14 00:00:00,38,2009
691,692,a,a,40,0,0,0,0,0,0,0
692,693,d,a,450,1,40,2011,"Jan,Apr,Jul,Oct",2011-10-03 00:00:00,40,2011
693,694,a,c,460,1,40,2014,"Jan,Apr,Jul,Oct",2014-10-06 00:00:00,41,2014
694,695,a,a,550,1,1,2012,"Jan,Apr,Jul,Oct",2012-01-02 00:00:00,1,2012
695,696,a,c,430,0,0,0,0,0,0,0
696,697,d,a,3780,1,40,2011,"Jan,Apr,Jul,Oct",2011-10-03 00:00:00,40,2011
697,698,a,a,1790,0,0,0,0,0,0,0
698,699,a,a,180,1,5,2013,"Jan,Apr,Jul,Oct",2013-02-04 00:00:00,6,2013
699,700,a,c,830,1,27,2013,"Jan,Apr,Jul,Oct",2013-07-08 00:00:00,28,2013
700,701,d,a,1450,1,14,2011,"Jan,Apr,Jul,Oct",2011-04-04 00:00:00,14,2011
701,702,a,a,8550,1,45,2009,"Feb,May,Aug,Nov",2009-11-09 00:00:00,46,2009
702,703,a,a,80,0,0,0,0,0,0,0
703,704,d,c,1910,0,0,0,0,0,0,0
704,705,a,a,4140,1,18,2011,"Feb,May,Aug,Nov",2011-05-02 00:00:00,18,2011
705,706,d,a,7830,1,10,2014,"Mar,Jun,Sept,Dec",2014-03-10 00:00:00,11,2014
706,707,a,c,2900,0,0,0,0,0,0,0
707,708,c,c,11470,1,18,2014,"Jan,Apr,Jul,Oct",2014-05-05 00:00:00,19,2014
708,709,a,a,500,0,0,0,0,0,0,0
709,710,d,a,1500,1,14,2011,"Jan,Apr,Jul,Oct",2011-04-04 00:00:00,14,2011
710,711,d,a,17110,1,5,2010,"Jan,Apr,Jul,Oct",2010-02-01 00:00:00,5,2010
711,712,a,a,4870,1,45,2009,"Jan,Apr,Jul,Oct",2009-11-09 00:00:00,46,2009
712,713,a,c,220,1,10,2014,"Jan,Apr,Jul,Oct",2014-03-10 00:00:00,11,2014
713,714,d,c,12070,1,10,2013,"Jan,Apr,Jul,Oct",2013-03-11 00:00:00,11,2013
714,715,a,a,14810,0,0,0,0,0,0,0
715,716,d,a,3200,1,22,2011,"Jan,Apr,Jul,Oct",2011-05-30 00:00:00,22,2011
716,717,d,c,310,1,40,2011,"Jan,Apr,Jul,Oct",2011-10-03 00:00:00,40,2011
717,718,a,a,1100,0,0,0,0,0,0,0
718,719,c,c,8190,1,45,2009,"Feb,May,Aug,Nov",2009-11-09 00:00:00,46,2009
719,720,a,c,15320,1,14,2013,"Feb,May,Aug,Nov",2013-04-08 00:00:00,15,2013
720,721,a,c,3590,1,22,2012,"Mar,Jun,Sept,Dec",2012-05-28 00:00:00,22,2012
721,722,a,a,50,0,0,0,0,0,0,0
722,723,d,c,5650,1,5,2013,"Feb,May,Aug,Nov",2013-02-04 00:00:00,6,2013
723,724,d,c,5900,0,0,0,0,0,0,0
724,725,d,c,17540,0,0,0,0,0,0,0
725,726,a,c,40540,0,0,0,0,0,0,0
726,727,a,a,2050,0,0,0,0,0,0,0
727,728,d,a,13990,1,14,2011,"Jan,Apr,Jul,Oct",2011-04-04 00:00:00,14,2011
728,729,c,c,8980,0,0,0,0,0,0,0
729,730,c,a,1190,0,0,0,0,0,0,0
730,731,a,a,15270,1,10,2014,"Jan,Apr,Jul,Oct",2014-03-10 00:00:00,11,2014
731,732,a,c,35280,0,0,0,0,0,0,0
732,733,b,b,860,0,0,0,0,0,0,0
733,734,a,a,220,1,36,2013,"Mar,Jun,Sept,Dec",2013-09-09 00:00:00,37,2013
734,735,d,c,1920,0,0,0,0,0,0,0
735,736,c,c,1650,1,14,2011,"Jan,Apr,Jul,Oct",2011-04-04 00:00:00,14,2011
736,737,a,a,100,1,31,2013,"Jan,Apr,Jul,Oct",2013-08-05 00:00:00,32,2013
737,738,d,c,5980,0,0,0,0,0,0,0
738,739,d,c,2770,1,22,2011,"Jan,Apr,Jul,Oct",2011-05-30 00:00:00,22,2011
739,740,d,a,6400,0,0,0,0,0,0,0
740,741,d,c,11900,0,0,0,0,0,0,0
741,742,d,c,4380,0,0,0,0,0,0,0
742,743,a,a,6710,1,14,2012,"Jan,Apr,Jul,Oct",2012-04-02 00:00:00,14,2012
743,744,a,a,1370,1,40,2014,"Jan,Apr,Jul,Oct",2014-10-06 00:00:00,41,2014
744,745,a,a,17650,1,37,2009,"Jan,Apr,Jul,Oct",2009-09-14 00:00:00,38,2009
745,746,d,c,4330,1,35,2011,"Mar,Jun,Sept,Dec",2011-08-29 00:00:00,35,2011
746,747,c,c,45740,0,0,0,0,0,0,0
747,748,d,a,2380,1,14,2011,"Jan,Apr,Jul,Oct",2011-04-04 00:00:00,14,2011
748,749,a,a,3410,1,14,2015,"Jan,Apr,Jul,Oct",2015-04-06 00:00:00,15,2015
749,750,d,a,8670,1,14,2011,"Jan,Apr,Jul,Oct",2011-04-04 00:00:00,14,2011
750,751,a,a,650,0,0,0,0,0,0,0
751,752,a,a,970,1,31,2013,"Feb,May,Aug,Nov",2013-08-05 00:00:00,32,2013
752,753,d,c,540,1,35,2010,"Mar,Jun,Sept,Dec",2010-08-30 00:00:00,35,2010
753,754,c,c,380,1,10,2014,"Mar,Jun,Sept,Dec",2014-03-10 00:00:00,11,2014
754,755,d,c,13130,0,0,0,0,0,0,0
755,756,a,c,50,1,40,2011,"Jan,Apr,Jul,Oct",2011-10-03 00:00:00,40,2011
756,757,a,c,3450,0,0,0,0,0,0,0
757,758,a,c,19780,0,0,0,0,0,0,0
758,759,a,a,110,1,31,2013,"Feb,May,Aug,Nov",2013-08-05 00:00:00,32,2013
759,760,a,a,560,0,0,0,0,0,0,0
760,761,a,a,2390,0,0,0,0,0,0,0
761,762,d,c,1280,1,10,2013,"Mar,Jun,Sept,Dec",2013-03-11 00:00:00,11,2013
762,763,d,c,32240,0,0,0,0,0,0,0
763,764,a,c,26490,1,10,2014,"Mar,Jun,Sept,Dec",2014-03-10 00:00:00,11,2014
764,765,a,c,25430,1,37,2009,"Jan,Apr,Jul,Oct",2009-09-14 00:00:00,38,2009
765,766,d,c,9820,0,0,0,0,0,0,0
766,767,a,c,13080,0,0,0,0,0,0,0
767,768,a,c,2630,0,0,0,0,0,0,0
768,769,b,b,840,1,48,2012,"Jan,Apr,Jul,Oct",2012-11-26 00:00:00,48,2012
769,770,a,c,100,0,0,0,0,0,0,0
770,771,a,a,20640,0,0,0,0,0,0,0
771,772,d,c,1850,0,0,0,0,0,0,0
772,773,a,a,200,0,0,0,0,0,0,0
773,774,a,c,640,0,0,0,0,0,0,0
774,775,d,c,6970,1,22,2011,"Jan,Apr,Jul,Oct",2011-05-30 00:00:00,22,2011
775,776,c,a,700,1,14,2011,"Jan,Apr,Jul,Oct",2011-04-04 00:00:00,14,2011
776,777,d,c,8250,1,10,2013,"Mar,Jun,Sept,Dec",2013-03-11 00:00:00,11,2013
777,778,a,a,340,1,40,2014,"Jan,Apr,Jul,Oct",2014-10-06 00:00:00,41,2014
778,779,a,a,16990,0,0,0,0,0,0,0
779,780,a,a,18160,0,0,0,0,0,0,0
780,781,a,a,630,0,0,0,0,0,0,0
781,782,c,c,5390,1,1,2012,"Jan,Apr,Jul,Oct",2012-01-02 00:00:00,1,2012
782,783,d,c,15490,0,0,0,0,0,0,0
783,784,a,a,560,1,10,2014,"Jan,Apr,Jul,Oct",2014-03-10 00:00:00,11,2014
784,785,d,c,970,1,31,2013,"Feb,May,Aug,Nov",2013-08-05 00:00:00,32,2013
785,786,a,a,290,1,5,2013,"Feb,May,Aug,Nov",2013-02-04 00:00:00,6,2013
786,787,c,c,3210,0,0,0,0,0,0,0
787,788,a,c,1530,0,0,0,0,0,0,0
788,789,a,c,9770,0,0,0,0,0,0,0
789,790,d,c,9070,0,0,0,0,0,0,0
790,791,a,a,5950,0,0,0,0,0,0,0
791,792,d,a,17280,1,18,2011,"Feb,May,Aug,Nov",2011-05-02 00:00:00,18,2011
792,793,d,a,2710,0,0,0,0,0,0,0
793,794,c,c,5090,0,0,0,0,0,0,0
794,795,d,a,510,1,35,2010,"Mar,Jun,Sept,Dec",2010-08-30 00:00:00,35,2010
795,796,a,c,7180,0,0,0,0,0,0,0
796,797,a,a,2090,1,40,2014,"Jan,Apr,Jul,Oct",2014-10-06 00:00:00,41,2014
797,798,a,a,9560,0,0,0,0,0,0,0
798,799,a,c,2700,0,0,0,0,0,0,0
799,800,d,a,2020,0,0,0,0,0,0,0
800,801,d,a,48330,0,0,0,0,0,0,0
801,802,a,c,910,1,22,2011,"Feb,May,Aug,Nov",2011-05-30 00:00:00,22,2011
802,803,d,a,1760,1,10,2014,"Mar,Jun,Sept,Dec",2014-03-10 00:00:00,11,2014
803,804,c,c,2100,1,1,2013,"Jan,Apr,Jul,Oct",2013-01-07 00:00:00,2,2013
804,805,d,a,24770,1,10,2014,"Mar,Jun,Sept,Dec",2014-03-10 00:00:00,11,2014
805,806,d,a,260,1,44,2010,"Feb,May,Aug,Nov",2010-11-01 00:00:00,44,2010
806,807,a,a,3870,0,0,0,0,0,0,0
807,808,a,a,18620,1,31,2009,"Feb,May,Aug,Nov",2009-08-03 00:00:00,32,2009
808,809,a,a,12770,0,0,0,0,0,0,0
809,810,d,c,9640,0,0,0,0,0,0,0
810,811,a,a,410,0,0,0,0,0,0,0
811,812,d,a,2590,0,0,0,0,0,0,0
812,813,a,a,1560,0,0,0,0,0,0,0
813,814,d,c,24530,0,0,0,0,0,0,0
814,815,a,a,590,1,40,2014,"Jan,Apr,Jul,Oct",2014-10-06 00:00:00,41,2014
815,816,c,c,460,0,0,0,0,0,0,0
816,817,a,a,140,0,0,0,0,0,0,0
817,818,d,a,490,1,35,2010,"Mar,Jun,Sept,Dec",2010-08-30 00:00:00,35,2010
818,819,a,c,720,0,0,0,0,0,0,0
819,820,a,c,1650,1,40,2014,"Jan,Apr,Jul,Oct",2014-10-06 00:00:00,41,2014
820,821,a,a,1700,0,0,0,0,0,0,0
821,822,a,c,410,1,48,2010,"Mar,Jun,Sept,Dec",2010-11-29 00:00:00,48,2010
822,823,a,c,16210,0,0,0,0,0,0,0
823,824,a,a,17570,0,0,0,0,0,0,0
824,825,a,a,380,1,40,2014,"Jan,Apr,Jul,Oct",2014-10-06 00:00:00,41,2014
825,826,a,c,7980,0,0,0,0,0,0,0
826,827,a,c,250,0,0,0,0,0,0,0
827,828,d,c,3290,0,0,0,0,0,0,0
828,829,c,a,110,0,0,0,0,0,0,0
829,830,a,c,6320,1,5,2011,"Jan,Apr,Jul,Oct",2011-01-31 00:00:00,5,2011
830,831,a,a,800,0,0,0,0,0,0,0
831,832,d,a,5070,1,45,2009,"Feb,May,Aug,Nov",2009-11-09 00:00:00,46,2009
832,833,d,c,3290,1,35,2010,"Mar,Jun,Sept,Dec",2010-08-30 00:00:00,35,2010
833,834,a,a,3470,0,0,0,0,0,0,0
834,835,a,a,2890,1,10,2014,"Mar,Jun,Sept,Dec",2014-03-10 00:00:00,11,2014
835,836,a,a,2720,0,0,0,0,0,0,0
836,837,a,c,14600,0,0,0,0,0,0,0
837,838,d,c,6890,1,48,2011,"Mar,Jun,Sept,Dec",2011-11-28 00:00:00,48,2011
838,839,c,a,240,0,0,0,0,0,0,0
839,840,a,a,1070,0,0,0,0,0,0,0
840,841,a,a,27650,0,0,0,0,0,0,0
841,842,d,c,1200,0,0,0,0,0,0,0
842,843,c,a,60,0,0,0,0,0,0,0
843,844,a,a,2030,1,18,2011,"Feb,May,Aug,Nov",2011-05-02 00:00:00,18,2011
844,845,d,a,7860,1,14,2011,"Jan,Apr,Jul,Oct",2011-04-04 00:00:00,14,2011
845,846,a,c,8860,1,37,2009,"Jan,Apr,Jul,Oct",2009-09-14 00:00:00,38,2009
846,847,c,c,190,1,31,2013,"Feb,May,Aug,Nov",2013-08-05 00:00:00,32,2013
847,848,a,c,370,1,14,2011,"Jan,Apr,Jul,Oct",2011-04-04 00:00:00,14,2011
848,849,c,c,5000,0,0,0,0,0,0,0
849,850,d,a,1120,1,31,2013,"Jan,Apr,Jul,Oct",2013-08-05 00:00:00,32,2013
850,851,d,c,2330,1,49,2014,"Mar,Jun,Sept,Dec",2014-12-08 00:00:00,50,2014
851,852,c,a,940,1,14,2011,"Jan,Apr,Jul,Oct",2011-04-04 00:00:00,14,2011
852,853,a,a,14040,0,0,0,0,0,0,0
853,854,c,a,4770,1,13,2010,"Jan,Apr,Jul,Oct",2010-03-29 00:00:00,13,2010
854,855,a,a,3440,1,45,2009,"Feb,May,Aug,Nov",2009-11-09 00:00:00,46,2009
855,856,a,a,3020,0,0,0,0,0,0,0
856,857,c,a,6270,1,23,2014,"Mar,Jun,Sept,Dec",2014-06-09 00:00:00,24,2014
857,858,a,a,3370,1,40,2014,"Jan,Apr,Jul,Oct",2014-10-06 00:00:00,41,2014
858,859,c,a,21770,0,0,0,0,0,0,0
859,860,c,c,5980,0,0,0,0,0,0,0
860,861,c,c,740,1,14,2013,"Mar,Jun,Sept,Dec",2013-04-08 00:00:00,15,2013
861,862,a,c,2840,1,14,2011,"Jan,Apr,Jul,Oct",2011-04-04 00:00:00,14,2011
862,863,a,c,21370,0,0,0,0,0,0,0
863,864,a,a,1020,1,45,2009,"Feb,May,Aug,Nov",2009-11-09 00:00:00,46,2009
864,865,d,c,2640,0,0,0,0,0,0,0
865,866,d,a,9680,1,5,2013,"Feb,May,Aug,Nov",2013-02-04 00:00:00,6,2013
866,867,d,c,21810,0,0,0,0,0,0,0
867,868,d,c,1360,1,10,2014,"Jan,Apr,Jul,Oct",2014-03-10 00:00:00,11,2014
868,869,c,a,230,1,14,2011,"Jan,Apr,Jul,Oct",2011-04-04 00:00:00,14,2011
869,870,a,a,780,0,0,0,0,0,0,0
870,871,d,c,10620,0,0,0,0,0,0,0
871,872,a,c,3860,1,23,2015,"Mar,Jun,Sept,Dec",2015-06-08 00:00:00,24,2015
872,873,a,a,2040,0,0,0,0,0,0,0
873,874,a,a,3210,0,0,0,0,0,0,0
874,875,d,a,5070,1,18,2015,"Feb,May,Aug,Nov",2015-05-04 00:00:00,19,2015
875,876,a,a,21790,1,18,2015,"Feb,May,Aug,Nov",2015-05-04 00:00:00,19,2015
876,877,a,c,29190,0,0,0,0,0,0,0
877,878,d,c,1100,0,0,0,0,0,0,0
878,879,d,a,5404,1,5,2013,"Feb,May,Aug,Nov",2013-02-04 00:00:00,6,2013
879,880,a,c,4570,0,0,0,0,0,0,0
880,881,a,a,180,1,31,2013,"Feb,May,Aug,Nov",2013-08-05 00:00:00,32,2013
881,882,a,a,30,0,0,0,0,0,0,0
882,883,a,a,3200,0,0,0,0,0,0,0
883,884,d,c,7550,0,0,0,0,0,0,0
884,885,a,a,480,0,0,0,0,0,0,0
885,886,a,c,12430,0,0,0,0,0,0,0
886,887,d,a,19700,1,37,2009,"Jan,Apr,Jul,Oct",2009-09-14 00:00:00,38,2009
887,888,d,a,4450,1,35,2012,"Mar,Jun,Sept,Dec",2012-08-27 00:00:00,35,2012
888,889,d,a,18670,0,0,0,0,0,0,0
889,890,a,a,4450,1,14,2011,"Jan,Apr,Jul,Oct",2011-04-04 00:00:00,14,2011
890,891,a,c,350,1,31,2013,"Feb,May,Aug,Nov",2013-08-05 00:00:00,32,2013
891,892,a,a,19370,0,0,0,0,0,0,0
892,893,a,a,130,1,1,2013,"Jan,Apr,Jul,Oct",2013-01-07 00:00:00,2,2013
893,894,a,a,190,0,0,0,0,0,0,0
894,895,a,c,4150,0,0,0,0,0,0,0
895,896,a,c,170,0,0,0,0,0,0,0
896,897,c,c,3290,1,5,2013,"Feb,May,Aug,Nov",2013-02-04 00:00:00,6,2013
897,898,a,a,18540,0,0,0,0,0,0,0
898,899,d,a,2590,1,13,2010,"Jan,Apr,Jul,Oct",2010-03-29 00:00:00,13,2010
899,900,a,a,3920,1,40,2014,"Jan,Apr,Jul,Oct",2014-10-06 00:00:00,41,2014
900,901,a,c,3170,0,0,0,0,0,0,0
901,902,a,a,310,1,40,2014,"Jan,Apr,Jul,Oct",2014-10-06 00:00:00,41,2014
902,903,d,c,7290,0,0,0,0,0,0,0
903,904,d,c,570,1,14,2011,"Jan,Apr,Jul,Oct",2011-04-04 00:00:00,14,2011
904,905,a,a,90,0,0,0,0,0,0,0
905,906,a,a,90,0,0,0,0,0,0,0
906,907,a,c,250,0,0,0,0,0,0,0
907,908,a,a,1980,1,37,2009,"Jan,Apr,Jul,Oct",2009-09-14 00:00:00,38,2009
908,909,a,c,1680,1,45,2009,"Feb,May,Aug,Nov",2009-11-09 00:00:00,46,2009
909,910,d,c,12480,1,1,2013,"Jan,Apr,Jul,Oct",2013-01-07 00:00:00,2,2013
910,911,a,c,16490,0,0,0,0,0,0,0
911,912,c,c,3100,0,0,0,0,0,0,0
912,913,a,a,280,0,0,0,0,0,0,0
913,914,c,c,2640,1,22,2012,"Mar,Jun,Sept,Dec",2012-05-28 00:00:00,22,2012
914,915,d,c,650,1,40,2014,"Jan,Apr,Jul,Oct",2014-10-06 00:00:00,41,2014
915,916,a,a,90,0,0,0,0,0,0,0
916,917,a,a,7240,0,0,0,0,0,0,0
917,918,a,c,18710,0,0,0,0,0,0,0
918,919,a,a,2620,1,45,2009,"Feb,May,Aug,Nov",2009-11-09 00:00:00,46,2009
919,920,a,a,850,1,40,2014,"Jan,Apr,Jul,Oct",2014-10-06 00:00:00,41,2014
920,921,a,a,840,0,0,0,0,0,0,0
921,922,d,a,2110,0,0,0,0,0,0,0
922,923,a,a,280,0,0,0,0,0,0,0
923,924,a,a,6420,1,1,2012,"Jan,Apr,Jul,Oct",2012-01-02 00:00:00,1,2012
924,925,c,a,470,1,1,2012,"Jan,Apr,Jul,Oct",2012-01-02 00:00:00,1,2012
925,926,d,c,5150,1,13,2010,"Jan,Apr,Jul,Oct",2010-03-29 00:00:00,13,2010
926,927,a,a,480,0,0,0,0,0,0,0
927,928,d,c,1090,1,31,2013,"Feb,May,Aug,Nov",2013-08-05 00:00:00,32,2013
928,929,a,c,4820,0,0,0,0,0,0,0
929,930,a,a,70,0,0,0,0,0,0,0
930,931,a,c,1480,1,1,2012,"Jan,Apr,Jul,Oct",2012-01-02 00:00:00,1,2012
931,932,a,a,15700,1,13,2010,"Jan,Apr,Jul,Oct",2010-03-29 00:00:00,13,2010
932,933,a,c,6270,0,0,0,0,0,0,0
933,934,a,c,5460,1,14,2011,"Jan,Apr,Jul,Oct",2011-04-04 00:00:00,14,2011
934,935,a,c,22350,0,0,0,0,0,0,0
935,936,a,a,580,0,0,0,0,0,0,0
936,937,d,a,2810,1,10,2014,"Jan,Apr,Jul,Oct",2014-03-10 00:00:00,11,2014
937,938,a,a,2820,0,0,0,0,0,0,0
938,939,d,a,1340,0,0,0,0,0,0,0
939,940,d,c,6470,0,0,0,0,0,0,0
940,941,a,a,1200,1,31,2013,"Jan,Apr,Jul,Oct",2013-08-05 00:00:00,32,2013
941,942,d,c,6860,1,18,2011,"Jan,Apr,Jul,Oct",2011-05-02 00:00:00,18,2011
942,943,d,c,18020,0,0,0,0,0,0,0
943,944,c,a,1670,0,0,0,0,0,0,0
944,945,a,c,12480,0,0,0,0,0,0,0
945,946,a,a,2220,1,14,2015,"Jan,Apr,Jul,Oct",2015-04-06 00:00:00,15,2015
946,947,a,a,460,1,13,2010,"Jan,Apr,Jul,Oct",2010-03-29 00:00:00,13,2010
947,948,b,b,1430,0,0,0,0,0,0,0
948,949,a,a,870,0,0,0,0,0,0,0
949,950,a,a,8460,0,0,0,0,0,0,0
950,951,d,c,710,1,40,2011,"Jan,Apr,Jul,Oct",2011-10-03 00:00:00,40,2011
951,952,d,c,6300,0,0,0,0,0,0,0
952,953,a,a,19830,1,22,2011,"Mar,Jun,Sept,Dec",2011-05-30 00:00:00,22,2011
953,954,a,a,390,1,10,2014,"Jan,Apr,Jul,Oct",2014-03-10 00:00:00,11,2014
954,955,d,c,1690,1,36,2013,"Mar,Jun,Sept,Dec",2013-09-09 00:00:00,37,2013
955,956,a,a,2330,1,18,2011,"Feb,May,Aug,Nov",2011-05-02 00:00:00,18,2011
956,957,d,c,1420,0,0,0,0,0,0,0
957,958,a,a,440,0,0,0,0,0,0,0
958,959,a,c,1060,0,0,0,0,0,0,0
959,960,d,a,8990,1,31,2009,"Feb,May,Aug,Nov",2009-08-03 00:00:00,32,2009
960,961,d,c,9430,0,0,0,0,0,0,0
961,962,c,a,260,0,0,0,0,0,0,0
962,963,a,c,23620,0,0,0,0,0,0,0
963,964,a,a,270,1,5,2013,"Feb,May,Aug,Nov",2013-02-04 00:00:00,6,2013
964,965,a,c,110,0,0,0,0,0,0,0
965,966,a,a,760,0,0,0,0,0,0,0
966,967,a,c,3560,1,36,2013,"Jan,Apr,Jul,Oct",2013-09-09 00:00:00,37,2013
967,968,c,a,1190,0,0,0,0,0,0,0
968,969,a,c,600,1,10,2013,"Jan,Apr,Jul,Oct",2013-03-11 00:00:00,11,2013
969,970,a,a,910,1,37,2009,"Jan,Apr,Jul,Oct",2009-09-14 00:00:00,38,2009
970,971,c,a,1140,1,14,2012,"Mar,Jun,Sept,Dec",2012-04-02 00:00:00,14,2012
971,972,a,a,14960,0,0,0,0,0,0,0
972,973,d,c,330,1,28,2012,"Jan,Apr,Jul,Oct",2012-07-09 00:00:00,28,2012
973,974,a,a,150,1,40,2014,"Jan,Apr,Jul,Oct",2014-10-06 00:00:00,41,2014
974,975,a,c,9630,1,14,2011,"Jan,Apr,Jul,Oct",2011-04-04 00:00:00,14,2011
975,976,a,a,4180,0,0,0,0,0,0,0
976,977,a,a,520,1,13,2010,"Jan,Apr,Jul,Oct",2010-03-29 00:00:00,13,2010
977,978,c,c,3890,0,0,0,0,0,0,0
978,979,a,c,2270,1,14,2011,"Jan,Apr,Jul,Oct",2011-04-04 00:00:00,14,2011
979,980,a,a,4420,0,0,0,0,0,0,0
980,981,d,c,2620,0,0,0,0,0,0,0
981,982,d,a,21930,0,0,0,0,0,0,0
982,983,a,a,40,1,1,2014,"Jan,Apr,Jul,Oct",2014-01-06 00:00:00,2,2014
983,984,c,a,440,1,1,2013,"Jan,Apr,Jul,Oct",2013-01-07 00:00:00,2,2013
984,985,c,c,490,1,13,2010,"Jan,Apr,Jul,Oct",2010-03-29 00:00:00,13,2010
985,986,a,a,620,1,18,2014,"Feb,May,Aug,Nov",2014-05-05 00:00:00,19,2014
986,987,c,a,1690,0,0,0,0,0,0,0
987,988,a,a,30,0,0,0,0,0,0,0
988,989,a,a,1640,1,40,2011,"Jan,Apr,Jul,Oct",2011-10-03 00:00:00,40,2011
989,990,d,a,20930,0,0,0,0,0,0,0
990,991,a,a,1010,0,0,0,0,0,0,0
991,992,a,a,2480,0,0,0,0,0,0,0
992,993,d,c,3460,1,10,2014,"Jan,Apr,Jul,Oct",2014-03-10 00:00:00,11,2014
993,994,a,a,2290,1,1,2012,"Jan,Apr,Jul,Oct",2012-01-02 00:00:00,1,2012
994,995,d,a,6560,0,0,0,0,0,0,0
995,996,c,a,2870,1,13,2010,"Jan,Apr,Jul,Oct",2010-03-29 00:00:00,13,2010
996,997,d,c,5840,1,37,2009,"Jan,Apr,Jul,Oct",2009-09-14 00:00:00,38,2009
997,998,a,a,780,1,5,2013,"Feb,May,Aug,Nov",2013-02-04 00:00:00,6,2013
998,999,d,c,15140,1,37,2009,"Jan,Apr,Jul,Oct",2009-09-14 00:00:00,38,2009
999,1000,a,c,2230,1,40,2014,"Jan,Apr,Jul,Oct",2014-10-06 00:00:00,41,2014
1000,1001,c,a,19640,1,14,2011,"Jan,Apr,Jul,Oct",2011-04-04 00:00:00,14,2011
1001,1002,d,c,1130,0,0,0,0,0,0,0
1002,1003,a,a,170,1,27,2013,"Jan,Apr,Jul,Oct",2013-07-08 00:00:00,28,2013
1003,1004,d,c,970,1,9,2011,"Mar,Jun,Sept,Dec",2011-02-28 00:00:00,9,2011
1004,1005,a,a,6480,0,0,0,0,0,0,0
1005,1006,c,c,3890,1,5,2013,"Feb,May,Aug,Nov",2013-02-04 00:00:00,6,2013
1006,1007,c,c,4180,0,0,0,0,0,0,0
1007,1008,a,c,30,0,0,0,0,0,0,0
1008,1009,a,a,230,1,10,2014,"Jan,Apr,Jul,Oct",2014-03-10 00:00:00,11,2014
1009,1010,d,c,4610,1,18,2010,"Feb,May,Aug,Nov",2010-05-03 00:00:00,18,2010
1010,1011,a,c,490,1,18,2011,"Feb,May,Aug,Nov",2011-05-02 00:00:00,18,2011
1011,1012,d,c,6330,1,39,2010,"Jan,Apr,Jul,Oct",2010-09-27 00:00:00,39,2010
1012,1013,a,a,630,1,31,2013,"Feb,May,Aug,Nov",2013-08-05 00:00:00,32,2013
1013,1014,a,c,210,1,31,2013,"Jan,Apr,Jul,Oct",2013-08-05 00:00:00,32,2013
1014,1015,d,c,9910,1,9,2011,"Mar,Jun,Sept,Dec",2011-02-28 00:00:00,9,2011
1015,1016,c,c,550,1,35,2010,"Mar,Jun,Sept,Dec",2010-08-30 00:00:00,35,2010
1016,1017,c,a,110,0,0,0,0,0,0,0
1017,1018,c,c,140,0,0,0,0,0,0,0
1018,1019,d,c,2740,1,13,2010,"Jan,Apr,Jul,Oct",2010-03-29 00:00:00,13,2010
1019,1020,a,a,40,0,0,0,0,0,0,0
1020,1021,a,a,1080,0,0,0,0,0,0,0
1021,1022,a,c,1520,0,0,0,0,0,0,0
1022,1023,c,a,3740,1,14,2011,"Jan,Apr,Jul,Oct",2011-04-04 00:00:00,14,2011
1023,1024,c,c,1990,0,0,0,0,0,0,0
1024,1025,a,a,720,0,0,0,0,0,0,0
1025,1026,c,a,450,1,48,2012,"Mar,Jun,Sept,Dec",2012-11-26 00:00:00,48,2012
1026,1027,a,c,190,1,40,2011,"Jan,Apr,Jul,Oct",2011-10-03 00:00:00,40,2011
1027,1028,a,a,150,1,31,2013,"Jan,Apr,Jul,Oct",2013-08-05 00:00:00,32,2013
1028,1029,a,a,1590,0,0,0,0,0,0,0
1029,1030,a,a,36410,0,0,0,0,0,0,0
1030,1031,d,a,590,0,0,0,0,0,0,0
1031,1032,d,c,270,1,40,2012,"Jan,Apr,Jul,Oct",2012-10-01 00:00:00,40,2012
1032,1033,a,a,7680,0,0,0,0,0,0,0
1033,1034,a,a,13750,0,0,0,0,0,0,0
1034,1035,a,a,27150,0,0,0,0,0,0,0
1035,1036,d,c,9560,1,36,2013,"Jan,Apr,Jul,Oct",2013-09-09 00:00:00,37,2013
1036,1037,a,c,150,0,0,0,0,0,0,0
1037,1038,d,a,17290,0,0,0,0,0,0,0
1038,1039,a,c,70,1,22,2012,"Mar,Jun,Sept,Dec",2012-05-28 00:00:00,22,2012
1039,1040,a,a,4030,1,10,2014,"Jan,Apr,Jul,Oct",2014-03-10 00:00:00,11,2014
1040,1041,c,a,1600,1,40,2014,"Jan,Apr,Jul,Oct",2014-10-06 00:00:00,41,2014
1041,1042,a,a,3440,1,31,2013,"Feb,May,Aug,Nov",2013-08-05 00:00:00,32,2013
1042,1043,c,a,420,0,0,0,0,0,0,0
1043,1044,c,a,240,1,13,2010,"Jan,Apr,Jul,Oct",2010-03-29 00:00:00,13,2010
1044,1045,a,c,26990,0,0,0,0,0,0,0
1045,1046,d,c,29070,0,0,0,0,0,0,0
1046,1047,a,a,3750,1,45,2009,"Feb,May,Aug,Nov",2009-11-09 00:00:00,46,2009
1047,1048,d,c,1860,1,40,2012,"Jan,Apr,Jul,Oct",2012-10-01 00:00:00,40,2012
1048,1049,a,a,370,1,14,2011,"Jan,Apr,Jul,Oct",2011-04-04 00:00:00,14,2011
1049,1050,d,c,13170,1,9,2011,"Mar,Jun,Sept,Dec",2011-02-28 00:00:00,9,2011
1050,1051,c,a,200,1,1,2012,"Jan,Apr,Jul,Oct",2012-01-02 00:00:00,1,2012
1051,1052,a,c,5080,1,31,2013,"Feb,May,Aug,Nov",2013-08-05 00:00:00,32,2013
1052,1053,a,a,1710,0,0,0,0,0,0,0
1053,1054,a,c,13190,1,45,2013,"Feb,May,Aug,Nov",2013-11-11 00:00:00,46,2013
1054,1055,c,a,1980,0,0,0,0,0,0,0
1055,1056,d,c,5350,1,40,2012,"Jan,Apr,Jul,Oct",2012-10-01 00:00:00,40,2012
1056,1057,d,c,3230,0,0,0,0,0,0,0
1057,1058,a,c,180,1,35,2010,"Mar,Jun,Sept,Dec",2010-08-30 00:00:00,35,2010
1058,1059,c,a,3380,0,0,0,0,0,0,0
1059,1060,a,c,3430,1,31,2013,"Feb,May,Aug,Nov",2013-08-05 00:00:00,32,2013
1060,1061,d,c,8110,0,0,0,0,0,0,0
1061,1062,d,a,190,1,40,2012,"Feb,May,Aug,Nov",2012-10-01 00:00:00,40,2012
1062,1063,a,c,6250,0,0,0,0,0,0,0
1063,1064,a,c,420,0,0,0,0,0,0,0
1064,1065,a,a,1290,1,35,2011,"Mar,Jun,Sept,Dec",2011-08-29 00:00:00,35,2011
1065,1066,a,a,3350,0,0,0,0,0,0,0
1066,1067,d,c,12020,0,0,0,0,0,0,0
1067,1068,d,c,5010,1,5,2013,"Jan,Apr,Jul,Oct",2013-02-04 00:00:00,6,2013
1068,1069,a,c,18050,1,14,2011,"Jan,Apr,Jul,Oct",2011-04-04 00:00:00,14,2011
1069,1070,c,c,400,0,0,0,0,0,0,0
1070,1071,a,a,820,1,35,2012,"Mar,Jun,Sept,Dec",2012-08-27 00:00:00,35,2012
1071,1072,a,c,5380,1,5,2010,"Feb,May,Aug,Nov",2010-02-01 00:00:00,5,2010
1072,1073,a,c,1710,1,44,2012,"Jan,Apr,Jul,Oct",2012-10-29 00:00:00,44,2012
1073,1074,c,c,3330,1,14,2011,"Jan,Apr,Jul,Oct",2011-04-04 00:00:00,14,2011
1074,1075,a,c,1410,0,0,0,0,0,0,0
1075,1076,a,c,90,1,1,2013,"Jan,Apr,Jul,Oct",2013-01-07 00:00:00,2,2013
1076,1077,a,a,3750,1,35,2010,"Mar,Jun,Sept,Dec",2010-08-30 00:00:00,35,2010
1077,1078,d,c,670,1,40,2011,"Jan,Apr,Jul,Oct",2011-10-03 00:00:00,40,2011
1078,1079,a,a,16680,1,37,2009,"Jan,Apr,Jul,Oct",2009-09-14 00:00:00,38,2009
1079,1080,a,a,2410,1,40,2014,"Jan,Apr,Jul,Oct",2014-10-06 00:00:00,41,2014
1080,1081,b,a,400,0,0,0,0,0,0,0
1081,1082,c,a,440,0,0,0,0,0,0,0
1082,1083,d,c,11540,1,5,2013,"Feb,May,Aug,Nov",2013-02-04 00:00:00,6,2013
1083,1084,a,a,190,1,13,2010,"Jan,Apr,Jul,Oct",2010-03-29 00:00:00,13,2010
1084,1085,c,a,4030,0,0,0,0,0,0,0
1085,1086,a,a,180,1,18,2011,"Feb,May,Aug,Nov",2011-05-02 00:00:00,18,2011
1086,1087,d,c,2210,0,0,0,0,0,0,0
1087,1088,a,a,4300,1,27,2013,"Jan,Apr,Jul,Oct",2013-07-08 00:00:00,28,2013
1088,1089,d,a,5220,0,0,0,0,0,0,0
1089,1090,a,a,330,1,14,2011,"Jan,Apr,Jul,Oct",2011-04-04 00:00:00,14,2011
1090,1091,a,c,9990,0,0,0,0,0,0,0
1091,1092,a,a,300,1,40,2014,"Jan,Apr,Jul,Oct",2014-10-06 00:00:00,41,2014
1092,1093,c,c,10450,0,0,0,0,0,0,0
1093,1094,d,a,2380,1,40,2014,"Jan,Apr,Jul,Oct",2014-10-06 00:00:00,41,2014
1094,1095,a,a,690,1,14,2011,"Jan,Apr,Jul,Oct",2011-04-04 00:00:00,14,2011
1095,1096,a,c,1130,1,10,2014,"Mar,Jun,Sept,Dec",2014-03-10 00:00:00,11,2014
1096,1097,b,b,720,0,0,0,0,0,0,0
1097,1098,a,a,1830,0,0,0,0,0,0,0
1098,1099,a,c,200,1,14,2013,"Jan,Apr,Jul,Oct",2013-04-08 00:00:00,15,2013
1099,1100,a,a,540,1,14,2011,"Jan,Apr,Jul,Oct",2011-04-04 00:00:00,14,2011
1100,1101,d,c,4060,0,0,0,0,0,0,0
1101,1102,a,a,850,1,40,2014,"Jan,Apr,Jul,Oct",2014-10-06 00:00:00,41,2014
1102,1103,d,c,1340,1,5,2013,"Feb,May,Aug,Nov",2013-02-04 00:00:00,6,2013
1103,1104,d,a,260,1,14,2011,"Jan,Apr,Jul,Oct",2011-04-04 00:00:00,14,2011
1104,1105,c,c,330,1,5,2013,"Feb,May,Aug,Nov",2013-02-04 00:00:00,6,2013
1105,1106,a,c,5330,1,31,2013,"Jan,Apr,Jul,Oct",2013-08-05 00:00:00,32,2013
1106,1107,a,a,1400,1,13,2010,"Jan,Apr,Jul,Oct",2010-03-29 00:00:00,13,2010
1107,1108,a,a,540,0,0,0,0,0,0,0
1108,1109,c,a,3490,1,22,2012,"Jan,Apr,Jul,Oct",2012-05-28 00:00:00,22,2012
1109,1110,c,c,900,0,0,0,0,0,0,0
1110,1111,a,a,1900,1,31,2013,"Jan,Apr,Jul,Oct",2013-08-05 00:00:00,32,2013
1111,1112,c,c,1880,0,0,0,0,0,0,0
1112,1113,a,c,9260,0,0,0,0,0,0,0
1113,1114,a,c,870,0,0,0,0,0,0,0
1114,1115,d,c,5350,1,22,2012,"Mar,Jun,Sept,Dec",2012-05-28 00:00:00,22,2012
